/*
MySQL Backup
Source Server Version: 5.0.51
Source Database: thorn
Date: 2012/6/11 22:02:58
*/


-- ----------------------------
--  Table structure for `persistent_logins`
-- ----------------------------
DROP TABLE IF EXISTS `persistent_logins`;
CREATE TABLE `persistent_logins` (
  `USERNAME` varchar(200) NOT NULL,
  `SERIES` varchar(200) NOT NULL,
  `TOKEN` varchar(200) NOT NULL,
  `LAST_USED` timestamp NOT NULL default CURRENT_TIMESTAMP on update CURRENT_TIMESTAMP,
  PRIMARY KEY  (`SERIES`)
) ENGINE=InnoDB DEFAULT CHARSET=utf8;

-- ----------------------------
--  Table structure for `t_common_att`
-- ----------------------------
DROP TABLE IF EXISTS `t_common_att`;
CREATE TABLE `t_common_att` (
  `ID` int(11) NOT NULL auto_increment,
  `FILENAME` varchar(200) NOT NULL,
  `FILEPATH` varchar(2000) default NULL,
  `SAVETYPE` varchar(100) NOT NULL,
  `FILE` blob,
  `FILETYPE` varchar(100) NOT NULL,
  `UPLOADTIME` timestamp NOT NULL default CURRENT_TIMESTAMP on update CURRENT_TIMESTAMP,
  `UPLOADER` varchar(200) NOT NULL,
  PRIMARY KEY  (`ID`)
) ENGINE=InnoDB AUTO_INCREMENT=11 DEFAULT CHARSET=utf8;

-- ----------------------------
--  Table structure for `t_sys_dict`
-- ----------------------------
DROP TABLE IF EXISTS `t_sys_dict`;
CREATE TABLE `t_sys_dict` (
  `DNAME` varchar(50) NOT NULL,
  `DVALUE` varchar(200) NOT NULL,
  `SORTNUM` int(11) default NULL,
  `TYPEID` varchar(50) NOT NULL,
  PRIMARY KEY  (`DNAME`,`TYPEID`)
) ENGINE=InnoDB DEFAULT CHARSET=utf8;

-- ----------------------------
--  Table structure for `t_sys_dict_type`
-- ----------------------------
DROP TABLE IF EXISTS `t_sys_dict_type`;
CREATE TABLE `t_sys_dict_type` (
  `ENAME` varchar(50) NOT NULL,
  `CNAME` varchar(50) NOT NULL,
  `TYPEDESC` varchar(200) default NULL,
  PRIMARY KEY  (`ENAME`)
) ENGINE=InnoDB DEFAULT CHARSET=utf8;

-- ----------------------------
--  Table structure for `t_sys_log`
-- ----------------------------
DROP TABLE IF EXISTS `t_sys_log`;
CREATE TABLE `t_sys_log` (
  `ID` int(11) NOT NULL auto_increment,
  `MODULENAME` varchar(100) default NULL,
  `METHODNAME` varchar(200) default NULL,
  `PARAMETERS` varchar(2000) default NULL,
  `USERID` varchar(50) default NULL,
  `HANDLERESULT` varchar(50) default NULL,
  `ERRORMSG` varchar(2000) default NULL,
  `EXECUTETIME` timestamp NOT NULL default CURRENT_TIMESTAMP on update CURRENT_TIMESTAMP,
  PRIMARY KEY  (`ID`)
) ENGINE=InnoDB AUTO_INCREMENT=129 DEFAULT CHARSET=utf8;

-- ----------------------------
--  Table structure for `t_sys_org`
-- ----------------------------
DROP TABLE IF EXISTS `t_sys_org`;
CREATE TABLE `t_sys_org` (
  `ORGID` int(11) NOT NULL auto_increment,
  `ORGCODE` varchar(200) NOT NULL,
  `PARENTORG` varchar(200) NOT NULL,
  `ORGNAME` varchar(200) NOT NULL,
  `SHOWNAME` varchar(200) default NULL,
  `ORGTYPE` varchar(20) NOT NULL,
  `ORGMAIL` varchar(50) default NULL,
  `SORTNUM` int(11) default NULL,
  `ISSHOW` varchar(20) default NULL,
  `ISDISABLED` varchar(20) default NULL,
  `AREA` varchar(20) default NULL,
  PRIMARY KEY  (`ORGID`)
) ENGINE=InnoDB AUTO_INCREMENT=15 DEFAULT CHARSET=utf8;

-- ----------------------------
--  Table structure for `t_sys_resource`
-- ----------------------------
DROP TABLE IF EXISTS `t_sys_resource`;
CREATE TABLE `t_sys_resource` (
  `SOURCECODE` varchar(50) NOT NULL,
  `SOURCENAME` varchar(50) NOT NULL,
  `SOURCEURL` varchar(200) default NULL,
  `ISLEAF` varchar(20) NOT NULL,
  `ISSHOW` varchar(20) NOT NULL,
  `PARENTSOURCE` varchar(50) NOT NULL,
  `SORTNUM` int(11) default NULL,
  `ICONSCLS` varchar(20) default NULL,
  PRIMARY KEY  (`SOURCECODE`)
) ENGINE=InnoDB DEFAULT CHARSET=utf8;

-- ----------------------------
--  Table structure for `t_sys_role`
-- ----------------------------
DROP TABLE IF EXISTS `t_sys_role`;
CREATE TABLE `t_sys_role` (
  `ROLECODE` varchar(50) NOT NULL,
  `ROLENAME` varchar(50) default NULL,
  `ROLEDESC` varchar(200) default NULL,
  `ISDISABLED` varchar(20) default NULL,
  PRIMARY KEY  (`ROLECODE`)
) ENGINE=InnoDB DEFAULT CHARSET=utf8;

-- ----------------------------
--  Table structure for `t_sys_role_res`
-- ----------------------------
DROP TABLE IF EXISTS `t_sys_role_res`;
CREATE TABLE `t_sys_role_res` (
  `ROLECODE` varchar(50) NOT NULL,
  `SOURCECODE` varchar(50) NOT NULL,
  `CREATTIME` timestamp NOT NULL default CURRENT_TIMESTAMP on update CURRENT_TIMESTAMP,
  PRIMARY KEY  (`ROLECODE`,`SOURCECODE`)
) ENGINE=InnoDB DEFAULT CHARSET=utf8;

-- ----------------------------
--  Table structure for `t_sys_user`
-- ----------------------------
DROP TABLE IF EXISTS `t_sys_user`;
CREATE TABLE `t_sys_user` (
  `USERID` varchar(50) NOT NULL,
  `UNAME` varchar(50) NOT NULL,
  `SN` varchar(50) default NULL,
  `USERACCOUNT` varchar(50) NOT NULL,
  `USERPWD` varchar(200) default NULL,
  `GENDER` varchar(20) default NULL,
  `CUMAIL` varchar(50) default NULL,
  `PHONE` varchar(20) default NULL,
  `ORGCODE` varchar(200) default NULL,
  `ISSHOW` varchar(20) default NULL,
  `ISDISABLED` varchar(20) default NULL,
  `SORTNUM` int(11) default NULL,
  `DEFAULTROLE` varchar(50) default NULL,
  PRIMARY KEY  (`USERID`)
) ENGINE=InnoDB DEFAULT CHARSET=utf8;

-- ----------------------------
--  Table structure for `t_sys_user_role`
-- ----------------------------
DROP TABLE IF EXISTS `t_sys_user_role`;
CREATE TABLE `t_sys_user_role` (
  `USERID` varchar(50) NOT NULL,
  `ROLECODE` varchar(50) NOT NULL,
  `CREATTIME` timestamp NOT NULL default CURRENT_TIMESTAMP on update CURRENT_TIMESTAMP,
  PRIMARY KEY  (`USERID`,`ROLECODE`)
) ENGINE=InnoDB DEFAULT CHARSET=utf8;

-- ----------------------------
--  Table structure for `thorn_test`
-- ----------------------------
DROP TABLE IF EXISTS `thorn_test`;
CREATE TABLE `thorn_test` (
  `id` int(11) NOT NULL auto_increment,
  `name` varchar(50) default NULL,
  `code` varchar(200) default NULL,
  PRIMARY KEY  (`id`)
) ENGINE=InnoDB DEFAULT CHARSET=utf8;

-- ----------------------------
--  Records 
-- ----------------------------
INSERT INTO `t_common_att` VALUES ('9','barney.txt','\\2012-06-08\\ADMIN\\barney_1.txt','Local',NULL,'txt','2012-06-08 20:56:44','ADMIN'),  ('10','barney.txt','\\2012-06-08\\ADMIN\\barney_2.txt','Local',NULL,'txt','2012-06-08 23:21:00','ADMIN');
INSERT INTO `t_sys_dict` VALUES ('BJ','北京','1','AREA'),  ('COMMONUSER','普通用户','1','DEFAULTROLE'),  ('COMPANY','公司',NULL,'ORGTYPE'),  ('DEPT','部门','1','ORGTYPE'),  ('FAILURE','失败','1','HANDLERESULT'),  ('femme','女','1','GENDER'),  ('HB','湖北','2','AREA'),  ('HN','湖南','3','AREA'),  ('male','男','0','GENDER'),  ('NO','否','1','YESORNO'),  ('ORG','组织','2','ORGTYPE'),  ('SUCCESS','成功',NULL,'HANDLERESULT'),  ('SYSADMIN','系统管理员',NULL,'DEFAULTROLE'),  ('tree-appLog','操作日志','6','ICONCLS'),  ('tree-att','文件图标','8','ICONCLS'),  ('tree-auth','授权图标','999','ICONCLS'),  ('tree-config','配置文件图标','9','ICONCLS'),  ('tree-dd','字典图标','2','ICONCLS'),  ('tree-org','组织图标','1','ICONCLS'),  ('tree-pwd','密码修改','3','ICONCLS'),  ('tree-role','角色图标','5','ICONCLS'),  ('tree-source','资源图标','4','ICONCLS'),  ('tree-sysLog','系统日志','7','ICONCLS'),  ('tree-user','用户图标','0','ICONCLS'),  ('YES','是',NULL,'YESORNO');
INSERT INTO `t_sys_dict_type` VALUES ('AREA','区域','组织、人员所属区域'),  ('DEFAULTROLE','默认角色',''),  ('GENDER','性别',NULL),  ('HANDLERESULT','处理结果',NULL),  ('ICONCLS','菜单图标',NULL),  ('MODULE','日志模块',NULL),  ('ORGTYPE','组织类型',NULL),  ('YESORNO','是否',NULL);
INSERT INTO `t_sys_log` VALUES ('2','org.thorn.user.service.UserServiceImpl','changePwd','[\"ADMIN\",\"wwwwww\"]','ADMIN','Y',NULL,'2012-05-27 00:43:08'),  ('3','org.thorn.dd.service.DataDictServiceImpl','saveDt','[{\"ename\":\"MODULE\",\"cname\":\"日志模块\",\"typeDesc\":\"\"}]','ADMIN','Y',NULL,'2012-05-27 00:43:12'),  ('4','org.thorn.dd.service.DataDictServiceImpl','saveDt','[{\"ename\":\"LOGRESULT\",\"cname\":\"日志结果\",\"typeDesc\":\"\"}]','ADMIN','SUCCESS',NULL,'2012-05-27 00:39:32'),  ('5','org.thorn.dd.service.DataDictServiceImpl','saveDd','[{\"sortNum\":0,\"dname\":\"true\",\"dvalue\":\"成功\",\"typeId\":\"LOGRESULT\"}]','ADMIN','SUCCESS',NULL,'2012-05-27 00:39:32'),  ('6','org.thorn.dd.service.DataDictServiceImpl','saveDd','[{\"sortNum\":1,\"dname\":\"false\",\"dvalue\":\"失败\",\"typeId\":\"LOGRESULT\"}]','ADMIN','SUCCESS',NULL,'2012-05-27 00:39:33'),  ('7','org.thorn.resource.service.ResourceServiceImpl','save','[{\"sourceCode\":\"APPLOG\",\"sourceName\":\"操作日志\",\"parentSource\":\"SYS\",\"sourceUrl\":\"system/log/appLog.jsp\",\"iconsCls\":\"\",\"isleaf\":\"YES\",\"isShow\":\"YES\",\"sortNum\":7}]','ADMIN','SUCCESS',NULL,'2012-05-27 00:39:34'),  ('8','org.thorn.dd.service.DataDictServiceImpl','saveDd','[{\"sortNum\":0,\"dname\":\"YES\",\"dvalue\":\"成功\",\"typeId\":\"LOGRESULT\"}]','ADMIN','N','DataDictImpl do saveDd exception,\r\n### Error updating database.  Cause: com.mysql.jdbc.exceptions.MySQLIntegrityConstraintViolationException: Duplicate entry \'YES\' for key 1\r\n### The error may involve DictMapper.insertDict-Inline\r\n### The error occurred while setting parameters\r\n### Cause: com.mysql.jdbc.exceptions.MySQLIntegrityConstraintViolationException: Duplicate entry \'YES\' for key 1\n; SQL []; Duplicate entry \'YES\' for key 1; nested exception is com.mysql.jdbc.exceptions.MySQLIntegrityConstraintViolationException: Duplicate entry \'YES\' for key 1','2012-05-27 00:43:14'),  ('9','org.thorn.dd.service.DataDictServiceImpl','deleteDt','[\"LOGRESULT,\"]','ADMIN','SUCCESS',NULL,'2012-05-27 00:39:35'),  ('10','org.thorn.dd.service.DataDictServiceImpl','saveDt','[{\"ename\":\"HANDLERESULT\",\"cname\":\"处理结果\",\"typeDesc\":\"\"}]','ADMIN','SUCCESS',NULL,'2012-05-27 00:39:35'),  ('11','org.thorn.dd.service.DataDictServiceImpl','saveDd','[{\"sortNum\":0,\"dname\":\"success\",\"dvalue\":\"成功\",\"typeId\":\"HANDLERESULT\"}]','ADMIN','SUCCESS',NULL,'2012-05-27 00:39:36'),  ('12','org.thorn.dd.service.DataDictServiceImpl','saveDd','[{\"sortNum\":1,\"dname\":\"failure\",\"dvalue\":\"失败\",\"typeId\":\"HANDLERESULT\"}]','ADMIN','SUCCESS',NULL,'2012-05-27 00:39:37'),  ('13','org.thorn.dd.service.DataDictServiceImpl','modifyDt','[{\"ename\":\"GENDER\",\"cname\":\"性别\",\"typeDesc\":\"\"}]','ADMIN','SUCCESS',NULL,'2012-05-27 00:39:38'),  ('14','org.thorn.dd.service.DataDictServiceImpl','modifyDd','[{\"sortNum\":0,\"dname\":\"success\",\"dvalue\":\"成功\",\"typeId\":\"HANDLERESULT\"}]','ADMIN','SUCCESS',NULL,'2012-05-27 00:39:40'),  ('15','org.thorn.dd.service.DataDictServiceImpl','modifyDt','[{\"ename\":\"ICONCLS\",\"cname\":\"菜单图标\",\"typeDesc\":\"\"}]','ADMIN','SUCCESS',NULL,'2012-05-27 00:39:42'),  ('16','org.thorn.dd.service.DataDictServiceImpl','modifyDt','[{\"ename\":\"DEFAULTROLE\",\"cname\":\"默认角色\",\"typeDesc\":\"\"}]','ADMIN','SUCCESS',NULL,'2012-05-27 00:39:42'),  ('17','org.thorn.dd.service.DataDictServiceImpl','modifyDd','[{\"sortNum\":1,\"dname\":\"COMMONUSER\",\"dvalue\":\"普通用户\",\"typeId\":\"DEFAULTROLE\"}]','ADMIN','SUCCESS',NULL,'2012-05-27 00:39:43'),  ('18','org.thorn.dd.service.DataDictServiceImpl','deleteDd','[\"failure,\"]','ADMIN','SUCCESS',NULL,'2012-05-27 00:39:44'),  ('19','org.thorn.dd.service.DataDictServiceImpl','deleteDd','[\"success,\"]','ADMIN','SUCCESS',NULL,'2012-05-27 00:39:46'),  ('20','org.thorn.dd.service.DataDictServiceImpl','saveDd','[{\"sortNum\":0,\"dname\":\"SUCCESS\",\"dvalue\":\"成功\",\"typeId\":\"HANDLERESULT\"}]','ADMIN','SUCCESS',NULL,'2012-05-27 00:39:47'),  ('21','org.thorn.dd.service.DataDictServiceImpl','saveDd','[{\"sortNum\":1,\"dname\":\"FAILURE\",\"dvalue\":\"失败\",\"typeId\":\"HANDLERESULT\"}]','ADMIN','SUCCESS',NULL,'2012-05-27 00:39:48'),  ('22','org.thorn.resource.service.ResourceServiceImpl','save','[{\"sourceCode\":\"APPLOG\",\"sourceName\":\"操作日志\",\"parentSource\":\"SYS\",\"sourceUrl\":\"system/log/appLog.jsp\",\"iconsCls\":\"\",\"isleaf\":\"YES\",\"isShow\":\"YES\",\"sortNum\":6}]','ADMIN','SUCCESS',NULL,'2012-05-29 18:30:32'),  ('23','org.thorn.dd.service.DataDictServiceImpl','saveDd','[{\"sortNum\":999,\"dname\":\"tree-auth\",\"dvalue\":\"授权图标\",\"typeId\":\"ICONCLS\"}]','ADMIN','SUCCESS',NULL,'2012-05-29 18:31:19'),  ('24','org.thorn.resource.service.ResourceServiceImpl','save','[{\"sourceCode\":\"APPLOG-QUERY\",\"sourceName\":\"操作日志查询\",\"parentSource\":\"APPLOG\",\"sourceUrl\":\"/log/getLogPage.jmt\",\"iconsCls\":\"\",\"isleaf\":\"YES\",\"isShow\":\"NO\",\"sortNum\":999}]','ADMIN','SUCCESS',NULL,'2012-05-29 23:11:12'),  ('25','org.thorn.resource.service.ResourceServiceImpl','save','[{\"sourceCode\":\"APPLOG-EXCEL\",\"sourceName\":\"操作日志导出\",\"parentSource\":\"APPLOG\",\"sourceUrl\":\"/log/exportLogExcel.jmt\",\"iconsCls\":\"\",\"isleaf\":\"YES\",\"isShow\":\"NO\",\"sortNum\":999}]','ADMIN','SUCCESS',NULL,'2012-05-29 23:12:04'),  ('26','org.thorn.resource.service.ResourceServiceImpl','save','[{\"sourceCode\":\"HOME\",\"sourceName\":\"主页\",\"parentSource\":\"NAV\",\"sourceUrl\":\"system/main.jsp\",\"iconsCls\":\"\",\"isleaf\":\"YES\",\"isShow\":\"NO\",\"sortNum\":0}]','ADMIN','SUCCESS',NULL,'2012-06-01 11:02:49'),  ('27','org.thorn.role.service.RoleServiceImpl','save','[{\"roleCode\":\"COMMONUSER\",\"roleName\":\"普通用户\",\"roleDesc\":\"\",\"isDisabled\":\"NO\"}]','ADMIN','SUCCESS',NULL,'2012-06-01 11:04:12'),  ('28','org.thorn.resource.service.ResourceServiceImpl','save','[{\"sourceCode\":\"LEFTMENU\",\"sourceName\":\"菜单树\",\"parentSource\":\"NAV\",\"sourceUrl\":\"resource/getLeftTree.jmt\",\"iconsCls\":\"\",\"isleaf\":\"YES\",\"isShow\":\"NO\",\"sortNum\":1}]','ADMIN','SUCCESS',NULL,'2012-06-01 11:06:07'),  ('29','org.thorn.auth.service.AuthServiceImpl','saveRoleAuth','[\"COMMONUSER\",\"HOME,LEFTMENU,MYPWD,MYPWD-CHANGE,\"]','ADMIN','SUCCESS',NULL,'2012-06-01 11:06:35'),  ('30','org.thorn.resource.service.ResourceServiceImpl','modify','[{\"sourceCode\":\"MYPWD-CHANGE\",\"sourceName\":\"密码修改\",\"parentSource\":\"MYPWD\",\"sourceUrl\":\"/user/changeMyPwd.jmt\",\"iconsCls\":\"\",\"isleaf\":\"YES\",\"isShow\":\"NO\",\"sortNum\":999}]','ADMIN','SUCCESS',NULL,'2012-06-01 16:07:58'),  ('31','org.thorn.resource.service.ResourceServiceImpl','modify','[{\"sourceCode\":\"USER-PWD\",\"sourceName\":\"密码修改\",\"parentSource\":\"USER\",\"sourceUrl\":\"/user/changePwd.jmt\",\"iconsCls\":\"\",\"isleaf\":\"YES\",\"isShow\":\"NO\",\"sortNum\":999}]','ADMIN','SUCCESS',NULL,'2012-06-01 16:08:15'),  ('32','org.thorn.user.service.UserServiceImpl','changePwd','[\"AINAN\",\"123456\"]','AINAN','SUCCESS',NULL,'2012-06-01 16:10:27'),  ('33','org.thorn.resource.service.ResourceServiceImpl','modify','[{\"sourceCode\":\"ROLE\",\"sourceName\":\"角色管理\",\"parentSource\":\"SYS\",\"sourceUrl\":\"/system/role/role.jsp\",\"iconsCls\":\"tree-role\",\"isleaf\":\"YES\",\"isShow\":\"YES\",\"sortNum\":4}]','ADMIN','SUCCESS',NULL,'2012-06-01 14:55:23'),  ('34','org.thorn.role.service.RoleServiceImpl','save','[{\"roleCode\":\"TESTDD\",\"roleName\":\"数据字典测试角色\",\"roleDesc\":\"\",\"isDisabled\":\"NO\"}]','ADMIN','SUCCESS',NULL,'2012-06-01 14:55:53'),  ('35','org.thorn.auth.service.AuthServiceImpl','saveRoleAuth','[\"TESTDD\",\"DICT,DICT-QUERY,DICT-DELETE,\"]','ADMIN','SUCCESS',NULL,'2012-06-01 14:56:15'),  ('36','org.thorn.auth.service.AuthServiceImpl','saveRoleByUser','[\"AINAN\",\"TESTDD,\"]','ADMIN','SUCCESS',NULL,'2012-06-01 14:56:42'),  ('37','org.thorn.auth.service.AuthServiceImpl','saveRoleByUser','[\"AINAN\",\"\"]','ADMIN','SUCCESS',NULL,'2012-06-01 15:10:43'),  ('38','org.thorn.auth.service.AuthServiceImpl','saveRoleByUser','[\"AINAN\",\"TESTDD,\"]','ADMIN','SUCCESS',NULL,'2012-06-01 15:14:03'),  ('39','org.thorn.auth.service.AuthServiceImpl','saveRoleAuth','[\"TESTDD\",\"DICT,DICT-QUERY,DICT-UPDATE,\"]','ADMIN','SUCCESS',NULL,'2012-06-01 15:19:39'),  ('40','org.thorn.auth.service.AuthServiceImpl','saveRoleAuth','[\"TESTDD\",\"DICT,DICT-QUERY,DICT-UPDATE,ORG,ORG-QUERY,ORG-UPDATE,\"]','ADMIN','SUCCESS',NULL,'2012-06-01 16:00:34'),  ('41','org.thorn.dd.service.DataDictServiceImpl','modifyDt','[{\"ename\":\"DEFAULTROLE\",\"cname\":\"默认角色\",\"typeDesc\":\"111\"}]','ADMIN','SUCCESS',NULL,'2012-06-01 16:53:09'),  ('42','org.thorn.dd.service.DataDictServiceImpl','modifyDt','[{\"ename\":\"DEFAULTROLE\",\"cname\":\"默认角色\",\"typeDesc\":\"\"}]','ADMIN','SUCCESS',NULL,'2012-06-01 16:54:00'),  ('43','org.thorn.dd.service.DataDictServiceImpl','modifyDt','[{\"ename\":\"DEFAULTROLE\",\"cname\":\"默认角色\",\"typeDesc\":\"\"}]','ADMIN','SUCCESS',NULL,'2012-06-01 16:55:58'),  ('44','org.thorn.auth.service.AuthServiceImpl','saveUserRole','[\"TESTDD\",\"ZHENGYQ,\"]','ADMIN','SUCCESS',NULL,'2012-06-01 19:50:42'),  ('45','org.thorn.auth.service.AuthServiceImpl','deleteUserRole','[\"TESTDD\",\"ZHENGYQ,\"]','ADMIN','SUCCESS',NULL,'2012-06-01 19:51:14'),  ('46','org.thorn.resource.service.ResourceServiceImpl','save','[{\"sourceCode\":\"CONFIG\",\"sourceName\":\"配置文件管理\",\"parentSource\":\"SYS\",\"sourceUrl\":\"/system/cf/configurator.jsp\",\"iconsCls\":\"\",\"isleaf\":\"YES\",\"isShow\":\"YES\",\"sortNum\":1}]','ADMIN','SUCCESS',NULL,'2012-06-04 21:27:57'),  ('47','org.thorn.dd.service.DataDictServiceImpl','saveDd','[{\"sortNum\":6,\"dname\":\"tree-appLog\",\"dvalue\":\"日志图标\",\"typeId\":\"ICONCLS\"}]','ADMIN','SUCCESS',NULL,'2012-06-04 21:28:39'),  ('48','org.thorn.dd.service.DataDictServiceImpl','saveDd','[{\"sortNum\":7,\"dname\":\"tree-config\",\"dvalue\":\"配置文件图标\",\"typeId\":\"ICONCLS\"}]','ADMIN','SUCCESS',NULL,'2012-06-06 23:02:16'),  ('49','org.thorn.resource.service.ResourceServiceImpl','modify','[{\"sourceCode\":\"CONFIG\",\"sourceName\":\"配置文件管理\",\"parentSource\":\"SYS\",\"sourceUrl\":\"/system/cf/configurator.jsp\",\"iconsCls\":\"tree-config\",\"isleaf\":\"YES\",\"isShow\":\"YES\",\"sortNum\":1}]','ADMIN','SUCCESS',NULL,'2012-06-06 23:02:33'),  ('50','org.thorn.dd.service.DataDictServiceImpl','modifyDt','[{\"ename\":\"DEFAULTROLE\",\"cname\":\"默认角色\",\"typeDesc\":\"111\"}]','ADMIN','SUCCESS',NULL,'2012-06-07 00:01:33'),  ('51','org.thorn.attachment.service.AttachmentDBServiceImpl','uploadAtt','No serializer found for class java.io.ByteArrayInputStream and no properties discovered to create BeanSerializer (to avoid exception, disable SerializationConfig.Feature.FAIL_ON_EMPTY_BEANS) ) (through reference chain: org.springframework.web.multipart.commons.CommonsMultipartFile[\"inputStream\"])','ADMIN','FAILURE','AttachmentDaoImpl do save exception,nested exception is org.apache.ibatis.reflection.ReflectionException: There is no getter for property named \'isDisabled\' in \'class org.thorn.attachment.entity.Attachment\'','2012-06-07 22:05:30'),  ('52','org.thorn.attachment.service.AttachmentDBServiceImpl','uploadAtt','No serializer found for class java.io.ByteArrayInputStream and no properties discovered to create BeanSerializer (to avoid exception, disable SerializationConfig.Feature.FAIL_ON_EMPTY_BEANS) ) (through reference chain: org.springframework.web.multipart.commons.CommonsMultipartFile[\"inputStream\"])','ADMIN','FAILURE','AttachmentDaoImpl do save exception,\r\n### Error updating database.  Cause: java.sql.SQLException: Field \'FILETYPE\' doesn\'t have a default value\r\n### The error may involve AttMapper.insert-Inline\r\n### The error occurred while setting parameters\r\n### Cause: java.sql.SQLException: Field \'FILETYPE\' doesn\'t have a default value\n; uncategorized SQLException for SQL []; SQL state [HY000]; error code [1364]; Field \'FILETYPE\' doesn\'t have a default value; nested exception is java.sql.SQLException: Field \'FILETYPE\' doesn\'t have a default value','2012-06-07 22:11:19'),  ('53','org.thorn.attachment.service.AttachmentDBServiceImpl','uploadAtt','No serializer found for class java.io.ByteArrayInputStream and no properties discovered to create BeanSerializer (to avoid exception, disable SerializationConfig.Feature.FAIL_ON_EMPTY_BEANS) ) (through reference chain: org.springframework.web.multipart.commons.CommonsMultipartFile[\"inputStream\"])','ADMIN','FAILURE','AttachmentDaoImpl do save exception,\r\n### Error updating database.  Cause: java.sql.SQLException: Field \'FILETYPE\' doesn\'t have a default value\r\n### The error may involve AttMapper.insert-Inline\r\n### The error occurred while setting parameters\r\n### Cause: java.sql.SQLException: Field \'FILETYPE\' doesn\'t have a default value\n; uncategorized SQLException for SQL []; SQL state [HY000]; error code [1364]; Field \'FILETYPE\' doesn\'t have a default value; nested exception is java.sql.SQLException: Field \'FILETYPE\' doesn\'t have a default value','2012-06-07 22:12:16'),  ('54','org.thorn.attachment.service.AttachmentDBServiceImpl','uploadAtt','No serializer found for class java.io.ByteArrayInputStream and no properties discovered to create BeanSerializer (to avoid exception, disable SerializationConfig.Feature.FAIL_ON_EMPTY_BEANS) ) (through reference chain: org.springframework.web.multipart.commons.CommonsMultipartFile[\"inputStream\"])','ADMIN','SUCCESS',NULL,'2012-06-07 22:13:07'),  ('55','org.thorn.attachment.service.AttachmentDBServiceImpl','uploadAtt','No serializer found for class java.io.ByteArrayInputStream and no properties discovered to create BeanSerializer (to avoid exception, disable SerializationConfig.Feature.FAIL_ON_EMPTY_BEANS) ) (through reference chain: org.springframework.web.multipart.commons.CommonsMultipartFile[\"inputStream\"])','ADMIN','SUCCESS',NULL,'2012-06-07 22:19:47'),  ('56','org.thorn.attachment.service.AttachmentDBServiceImpl','downloadAtt','[3]','ADMIN','SUCCESS',NULL,'2012-06-07 22:24:51'),  ('57','org.thorn.attachment.service.AttachmentDBServiceImpl','delete','[\"5\"]','ADMIN','SUCCESS',NULL,'2012-06-07 22:30:07'),  ('58','org.thorn.attachment.service.AttachmentDBServiceImpl','delete','[\"6\"]','ADMIN','SUCCESS',NULL,'2012-06-07 22:31:08'),  ('59','org.thorn.attachment.service.AttachmentDBServiceImpl','delete','[\"1,2,3\"]','ADMIN','SUCCESS',NULL,'2012-06-07 22:34:53'),  ('60','org.thorn.attachment.service.AttachmentLocalServiceImpl','delete','[\"6,7\"]','ADMIN','SUCCESS',NULL,'2012-06-08 20:45:24'),  ('61','org.thorn.attachment.service.AttachmentLocalServiceImpl','downloadAtt','[8]','ADMIN','SUCCESS',NULL,'2012-06-08 20:55:34'),  ('62','org.thorn.attachment.service.AttachmentLocalServiceImpl','downloadAtt','[9]','ADMIN','SUCCESS',NULL,'2012-06-08 20:56:48'),  ('63','org.thorn.attachment.service.AttachmentLocalServiceImpl','delete','[\"5,8\"]','ADMIN','SUCCESS',NULL,'2012-06-08 21:00:31'),  ('64','org.thorn.resource.service.ResourceServiceImpl','save','[{\"sourceCode\":\"ATT\",\"sourceName\":\"文件管理\",\"parentSource\":\"SYS\",\"sourceUrl\":\"/system/att/attachment.jsp\",\"iconsCls\":\"\",\"isleaf\":\"YES\",\"isShow\":\"YES\",\"sortNum\":8}]','ADMIN','SUCCESS',NULL,'2012-06-08 21:01:41'),  ('65','org.thorn.attachment.service.AttachmentLocalServiceImpl','downloadAtt','[9]','ADMIN','SUCCESS',NULL,'2012-06-08 22:36:36'),  ('66','org.thorn.attachment.service.AttachmentLocalServiceImpl','downloadAtt','[9]','ADMIN','SUCCESS',NULL,'2012-06-08 22:36:56'),  ('67','org.thorn.attachment.service.AttachmentLocalServiceImpl','downloadAtt','[9]','ADMIN','SUCCESS',NULL,'2012-06-08 22:40:51'),  ('68','org.thorn.attachment.service.AttachmentLocalServiceImpl','downloadAtt','[9]','ADMIN','SUCCESS',NULL,'2012-06-08 22:41:21'),  ('69','org.thorn.attachment.service.AttachmentLocalServiceImpl','downloadAtt','[4]','ADMIN','FAILURE',NULL,'2012-06-08 22:41:29'),  ('70','org.thorn.attachment.service.AttachmentLocalServiceImpl','downloadAtt','[4]','ADMIN','FAILURE',NULL,'2012-06-08 22:41:31'),  ('71','org.thorn.attachment.service.AttachmentLocalServiceImpl','delete','[\"4,\"]','ADMIN','SUCCESS',NULL,'2012-06-08 22:50:13'),  ('72','org.thorn.dd.service.DataDictServiceImpl','saveDd','[{\"sortNum\":8,\"dname\":\"tree-att\",\"dvalue\":\"文件图标\",\"typeId\":\"ICONCLS\"}]','ADMIN','SUCCESS',NULL,'2012-06-08 22:54:36'),  ('73','org.thorn.resource.service.ResourceServiceImpl','modify','[{\"sourceCode\":\"ATT\",\"sourceName\":\"文件管理\",\"parentSource\":\"SYS\",\"sourceUrl\":\"/system/att/attachment.jsp\",\"iconsCls\":\"tree-att\",\"isleaf\":\"YES\",\"isShow\":\"YES\",\"sortNum\":8}]','ADMIN','SUCCESS',NULL,'2012-06-08 23:02:17'),  ('74','org.thorn.resource.service.ResourceServiceImpl','save','[{\"sourceCode\":\"ATT-UPLOAD\",\"sourceName\":\"附件上传\",\"parentSource\":\"NAV\",\"sourceUrl\":\"/att/get*.jmt\",\"iconsCls\":\"\",\"isleaf\":\"YES\",\"isShow\":\"NO\",\"sortNum\":2}]','ADMIN','SUCCESS',NULL,'2012-06-08 23:03:16'),  ('75','org.thorn.resource.service.ResourceServiceImpl','save','[{\"sourceCode\":\"ATT-DELETE\",\"sourceName\":\"附件删除\",\"parentSource\":\"NAV\",\"sourceUrl\":\"/att/delete.jmt\",\"iconsCls\":\"\",\"isleaf\":\"YES\",\"isShow\":\"NO\",\"sortNum\":3}]','ADMIN','SUCCESS',NULL,'2012-06-08 23:03:49'),  ('76','org.thorn.resource.service.ResourceServiceImpl','save','[{\"sourceCode\":\"ATT-DOWNLOAD\",\"sourceName\":\"附件下载\",\"parentSource\":\"NAV\",\"sourceUrl\":\"/att/download.jmt\",\"iconsCls\":\"\",\"isleaf\":\"YES\",\"isShow\":\"NO\",\"sortNum\":4}]','ADMIN','SUCCESS',NULL,'2012-06-08 23:04:24'),  ('77','org.thorn.resource.service.ResourceServiceImpl','save','[{\"sourceCode\":\"CF-QUERY\",\"sourceName\":\"配置文件查看\",\"parentSource\":\"CONFIG\",\"sourceUrl\":\"/cf/get*.jmt\",\"iconsCls\":\"\",\"isleaf\":\"YES\",\"isShow\":\"NO\",\"sortNum\":0}]','ADMIN','SUCCESS',NULL,'2012-06-08 23:08:03'),  ('78','org.thorn.resource.service.ResourceServiceImpl','save','[{\"sourceCode\":\"CF-MODIFY\",\"sourceName\":\"/cf/modifyConfig.jmt\",\"parentSource\":\"CONFIG\",\"sourceUrl\":\"配置文件修改\",\"iconsCls\":\"\",\"isleaf\":\"YES\",\"isShow\":\"NO\",\"sortNum\":1}]','ADMIN','SUCCESS',NULL,'2012-06-08 23:08:28'),  ('79','org.thorn.resource.service.ResourceServiceImpl','modify','[{\"sourceCode\":\"CF-MODIFY\",\"sourceName\":\"配置文件修改\",\"parentSource\":\"CONFIG\",\"sourceUrl\":\"/cf/modifyConfig.jmt\",\"iconsCls\":\"\",\"isleaf\":\"YES\",\"isShow\":\"NO\",\"sortNum\":1}]','ADMIN','SUCCESS',NULL,'2012-06-08 23:08:45'),  ('80','org.thorn.attachment.service.AttachmentLocalServiceImpl','downloadAtt','[10]','ADMIN','SUCCESS',NULL,'2012-06-08 23:21:04'),  ('81','org.thorn.attachment.service.AttachmentLocalServiceImpl','downloadAtt','[11]','ADMIN','SUCCESS',NULL,'2012-06-08 23:23:54'),  ('82','org.thorn.attachment.service.AttachmentLocalServiceImpl','downloadAtt','[12]','ADMIN','SUCCESS',NULL,'2012-06-08 23:25:03'),  ('83','org.thorn.attachment.service.AttachmentLocalServiceImpl','delete','[\"30,29,28,27,26,25,24,23,22,21,20,19,18,17,16,15,14,13,12,11,\"]','ADMIN','SUCCESS',NULL,'2012-06-08 23:26:48'),  ('84','org.thorn.attachment.service.AttachmentLocalServiceImpl','downloadAtt','[30]','ADMIN','FAILURE',NULL,'2012-06-08 23:29:16'),  ('85','org.thorn.attachment.service.AttachmentLocalServiceImpl','downloadAtt','[30]','ADMIN','FAILURE',NULL,'2012-06-08 23:29:17'),  ('86','org.thorn.attachment.service.AttachmentLocalServiceImpl','downloadAtt','[30]','ADMIN','FAILURE',NULL,'2012-06-08 23:30:25'),  ('87','org.thorn.attachment.service.AttachmentLocalServiceImpl','downloadAtt','[30]','ADMIN','FAILURE',NULL,'2012-06-08 23:31:15'),  ('88','org.thorn.attachment.service.AttachmentLocalServiceImpl','downloadAtt','[30]','ADMIN','FAILURE',NULL,'2012-06-08 23:31:59'),  ('89','org.thorn.attachment.service.AttachmentLocalServiceImpl','downloadAtt','[30]','ADMIN','FAILURE',NULL,'2012-06-08 23:32:10'),  ('90','org.thorn.attachment.service.AttachmentLocalServiceImpl','downloadAtt','[30]','ADMIN','SUCCESS',NULL,'2012-06-08 23:43:10'),  ('91','org.thorn.attachment.service.AttachmentLocalServiceImpl','downloadAtt','[30]','ADMIN','SUCCESS',NULL,'2012-06-08 23:43:53'),  ('92','org.thorn.attachment.service.AttachmentLocalServiceImpl','downloadAtt','[30]','ADMIN','SUCCESS',NULL,'2012-06-08 23:47:06'),  ('93','org.thorn.resource.service.ResourceServiceImpl','save','[{\"sourceCode\":\"SYSLOG\",\"sourceName\":\"系统日志\",\"parentSource\":\"SYS\",\"sourceUrl\":\"/system/lastLog/view.log\",\"iconsCls\":\"\",\"isleaf\":\"YES\",\"isShow\":\"YES\",\"sortNum\":9}]','ADMIN','SUCCESS',NULL,'2012-06-10 22:59:47'),  ('94','org.thorn.resource.service.ResourceServiceImpl','modify','[{\"sourceCode\":\"ATT\",\"sourceName\":\"文件管理\",\"parentSource\":\"SYS\",\"sourceUrl\":\"/system/att/attachment.jsp\",\"iconsCls\":\"tree-att\",\"isleaf\":\"YES\",\"isShow\":\"YES\",\"sortNum\":9}]','ADMIN','SUCCESS',NULL,'2012-06-10 22:59:58'),  ('95','org.thorn.resource.service.ResourceServiceImpl','modify','[{\"sourceCode\":\"SYSLOG\",\"sourceName\":\"系统日志\",\"parentSource\":\"SYS\",\"sourceUrl\":\"/system/lastLog/view.log\",\"iconsCls\":\"\",\"isleaf\":\"YES\",\"isShow\":\"YES\",\"sortNum\":7}]','ADMIN','SUCCESS',NULL,'2012-06-10 23:00:06'),  ('96','org.thorn.dd.service.DataDictServiceImpl','modifyDd','[{\"sortNum\":6,\"dname\":\"tree-appLog\",\"dvalue\":\"操作日志\",\"typeId\":\"ICONCLS\"}]','ADMIN','SUCCESS',NULL,'2012-06-10 23:03:21'),  ('97','org.thorn.dd.service.DataDictServiceImpl','saveDd','[{\"sortNum\":7,\"dname\":\"tree-sysLog\",\"dvalue\":\"系统日志\",\"typeId\":\"ICONCLS\"}]','ADMIN','SUCCESS',NULL,'2012-06-10 23:03:51'),  ('98','org.thorn.dd.service.DataDictServiceImpl','modifyDd','[{\"sortNum\":9,\"dname\":\"tree-config\",\"dvalue\":\"配置文件图标\",\"typeId\":\"ICONCLS\"}]','ADMIN','SUCCESS',NULL,'2012-06-10 23:04:18'),  ('99','org.thorn.resource.service.ResourceServiceImpl','modify','[{\"sourceCode\":\"SYSLOG\",\"sourceName\":\"系统日志\",\"parentSource\":\"SYS\",\"sourceUrl\":\"/system/lastLog/view.log\",\"iconsCls\":\"tree-sysLog\",\"isleaf\":\"YES\",\"isShow\":\"YES\",\"sortNum\":7}]','ADMIN','SUCCESS',NULL,'2012-06-10 23:04:35'),  ('100','org.thorn.resource.service.ResourceServiceImpl','modify','[{\"sourceCode\":\"SYSLOG\",\"sourceName\":\"系统日志\",\"parentSource\":\"SYS\",\"sourceUrl\":\"/system/log/sysLog.jsp\",\"iconsCls\":\"tree-sysLog\",\"isleaf\":\"YES\",\"isShow\":\"YES\",\"sortNum\":7}]','ADMIN','SUCCESS',NULL,'2012-06-11 20:26:44'),  ('101','org.thorn.resource.service.ResourceServiceImpl','save','[{\"sourceCode\":\"SYSLOG-QUERY\",\"sourceName\":\"系统日志查询\",\"parentSource\":\"SYSLOG\",\"sourceUrl\":\"/system/log/sysLog*.jsp\",\"iconsCls\":\"\",\"isleaf\":\"YES\",\"isShow\":\"NO\",\"sortNum\":0}]','ADMIN','SUCCESS',NULL,'2012-06-11 21:02:23'),  ('102','org.thorn.resource.service.ResourceServiceImpl','save','[{\"sourceCode\":\"SYSLOG-LEVEL\",\"sourceName\":\"修改日志级别\",\"parentSource\":\"SYSLOG\",\"sourceUrl\":\"/log/*LogLevel.jmt\",\"iconsCls\":\"\",\"isleaf\":\"YES\",\"isShow\":\"NO\",\"sortNum\":1}]','ADMIN','SUCCESS',NULL,'2012-06-11 21:03:18'),  ('103','org.thorn.resource.service.ResourceServiceImpl','save','[{\"sourceCode\":\"LOG\",\"sourceName\":\"日志管理\",\"parentSource\":\"SYS\",\"sourceUrl\":\"\",\"iconsCls\":\"\",\"isleaf\":\"NO\",\"isShow\":\"YES\",\"sortNum\":1}]','ADMIN','SUCCESS',NULL,'2012-06-11 21:13:32'),  ('104','org.thorn.resource.service.ResourceServiceImpl','save','[{\"sourceCode\":\"CONFIG\",\"sourceName\":\"配置项管理\",\"parentSource\":\"SYS\",\"sourceUrl\":\"\",\"iconsCls\":\"\",\"isleaf\":\"NO\",\"isShow\":\"YES\",\"sortNum\":0}]','ADMIN','FAILURE','ResourceDaoImpl do save exception,\r\n### Error updating database.  Cause: com.mysql.jdbc.exceptions.MySQLIntegrityConstraintViolationException: Duplicate entry \'CONFIG\' for key 1\r\n### The error may involve ResourceMapper.insert-Inline\r\n### The error occurred while setting parameters\r\n### Cause: com.mysql.jdbc.exceptions.MySQLIntegrityConstraintViolationException: Duplicate entry \'CONFIG\' for key 1\n; SQL []; Duplicate entry \'CONFIG\' for key 1; nested exception is com.mysql.jdbc.exceptions.MySQLIntegrityConstraintViolationException: Duplicate entry \'CONFIG\' for key 1','2012-06-11 21:14:05'),  ('105','org.thorn.resource.service.ResourceServiceImpl','save','[{\"sourceCode\":\"CF\",\"sourceName\":\"配置项管理\",\"parentSource\":\"SYS\",\"sourceUrl\":\"\",\"iconsCls\":\"\",\"isleaf\":\"NO\",\"isShow\":\"YES\",\"sortNum\":0}]','ADMIN','SUCCESS',NULL,'2012-06-11 21:14:24'),  ('106','org.thorn.resource.service.ResourceServiceImpl','save','[{\"sourceCode\":\"USERMANAGER\",\"sourceName\":\"用户管理\",\"parentSource\":\"SYS\",\"sourceUrl\":\"\",\"iconsCls\":\"\",\"isleaf\":\"NO\",\"isShow\":\"YES\",\"sortNum\":2}]','ADMIN','SUCCESS',NULL,'2012-06-11 21:15:33'),  ('107','org.thorn.resource.service.ResourceServiceImpl','save','[{\"sourceCode\":\"AUTHMANAGER\",\"sourceName\":\"权限管理\",\"parentSource\":\"SYS\",\"sourceUrl\":\"\",\"iconsCls\":\"\",\"isleaf\":\"NO\",\"isShow\":\"YES\",\"sortNum\":3}]','ADMIN','SUCCESS',NULL,'2012-06-11 21:16:18'),  ('108','org.thorn.resource.service.ResourceServiceImpl','modify','[{\"sourceCode\":\"SOURCE\",\"sourceName\":\"资源管理\",\"parentSource\":\"CF\",\"sourceUrl\":\"/system/resource/source.jsp\",\"iconsCls\":\"tree-source\",\"isleaf\":\"YES\",\"isShow\":\"YES\",\"sortNum\":2}]','ADMIN','SUCCESS',NULL,'2012-06-11 21:22:22'),  ('109','org.thorn.resource.service.ResourceServiceImpl','modify','[{\"sourceCode\":\"APPLOG\",\"sourceName\":\"操作日志\",\"parentSource\":\"LOG\",\"sourceUrl\":\"/system/log/appLog.jsp\",\"iconsCls\":\"tree-appLog\",\"isleaf\":\"YES\",\"isShow\":\"YES\",\"sortNum\":1}]','ADMIN','SUCCESS',NULL,'2012-06-11 21:22:50'),  ('110','org.thorn.resource.service.ResourceServiceImpl','modify','[{\"sourceCode\":\"SYSLOG\",\"sourceName\":\"系统日志\",\"parentSource\":\"LOG\",\"sourceUrl\":\"/system/log/sysLog.jsp\",\"iconsCls\":\"tree-sysLog\",\"isleaf\":\"YES\",\"isShow\":\"YES\",\"sortNum\":0}]','ADMIN','SUCCESS',NULL,'2012-06-11 21:22:57'),  ('111','org.thorn.resource.service.ResourceServiceImpl','modify','[{\"sourceCode\":\"ORG\",\"sourceName\":\"组织管理\",\"parentSource\":\"USERMANAGER\",\"sourceUrl\":\"/system/org/org.jsp\",\"iconsCls\":\"tree-org\",\"isleaf\":\"YES\",\"isShow\":\"YES\",\"sortNum\":0}]','ADMIN','SUCCESS',NULL,'2012-06-11 21:23:07'),  ('112','org.thorn.resource.service.ResourceServiceImpl','modify','[{\"sourceCode\":\"USER\",\"sourceName\":\"用户管理\",\"parentSource\":\"USERMANAGER\",\"sourceUrl\":\"/system/user/user.jsp\",\"iconsCls\":\"tree-user\",\"isleaf\":\"YES\",\"isShow\":\"YES\",\"sortNum\":1}]','ADMIN','SUCCESS',NULL,'2012-06-11 21:23:12'),  ('113','org.thorn.resource.service.ResourceServiceImpl','modify','[{\"sourceCode\":\"ROLE\",\"sourceName\":\"角色管理\",\"parentSource\":\"AUTHMANAGER\",\"sourceUrl\":\"/system/role/role.jsp\",\"iconsCls\":\"tree-role\",\"isleaf\":\"YES\",\"isShow\":\"YES\",\"sortNum\":0}]','ADMIN','SUCCESS',NULL,'2012-06-11 21:23:46'),  ('114','org.thorn.resource.service.ResourceServiceImpl','modify','[{\"sourceCode\":\"AUTH\",\"sourceName\":\"用户授权\",\"parentSource\":\"AUTHMANAGER\",\"sourceUrl\":\"/system/role/userAuth.jsp\",\"iconsCls\":\"tree-auth\",\"isleaf\":\"YES\",\"isShow\":\"YES\",\"sortNum\":1}]','ADMIN','SUCCESS',NULL,'2012-06-11 21:23:51'),  ('115','org.thorn.auth.service.AuthServiceImpl','saveRoleAuth','[\"COMMONUSER\",\"USERMANAGER,MYPWD,MYPWD-CHANGE,HOME,LEFTMENU,ATT-UPLOAD,ATT-DELETE,ATT-DOWNLOAD,\"]','ADMIN','SUCCESS',NULL,'2012-06-11 21:27:13'),  ('116','org.thorn.auth.service.AuthServiceImpl','saveRoleAuth','[\"TESTDD\",\"CF,DICT,DICT-QUERY,DICT-UPDATE,CONFIG,CF-QUERY,LOG,SYSLOG,SYSLOG-QUERY,SYSLOG-LEVEL,APPLOG,APPLOG-EXCEL,APPLOG-QUERY,ATT,\"]','ADMIN','SUCCESS',NULL,'2012-06-11 21:27:44'),  ('117','org.thorn.auth.service.AuthServiceImpl','saveRoleAuth','[\"TESTDD\",\"CF,DICT,DICT-QUERY,CONFIG,CF-QUERY,SOURCE,SOURCE-QUERY,LOG,SYSLOG,SYSLOG-QUERY,APPLOG,APPLOG-QUERY,USERMANAGER,ORG,ORG-QUERY,USER,USER-QUERY,AUTHMANAGER,ROLE,ROLE-QUERY,AUTH,AUTH-QUERY,ATT,\"]','ADMIN','SUCCESS',NULL,'2012-06-11 21:34:10'),  ('118','org.thorn.resource.service.ResourceServiceImpl','modify','[{\"sourceCode\":\"DICT-QUERY\",\"sourceName\":\"数据字典查询\",\"parentSource\":\"DICT\",\"sourceUrl\":\"/dd/get*.jmt\",\"iconsCls\":\"\",\"isleaf\":\"YES\",\"isShow\":\"NO\",\"sortNum\":0}]','ADMIN','SUCCESS',NULL,'2012-06-11 21:41:55'),  ('119','org.thorn.resource.service.ResourceServiceImpl','modify','[{\"sourceCode\":\"SOURCE-QUERY\",\"sourceName\":\"资源查询\",\"parentSource\":\"SOURCE\",\"sourceUrl\":\"/resource/get*.jmt\",\"iconsCls\":\"\",\"isleaf\":\"YES\",\"isShow\":\"NO\",\"sortNum\":0}]','ADMIN','SUCCESS',NULL,'2012-06-11 21:42:15'),  ('120','org.thorn.resource.service.ResourceServiceImpl','modify','[{\"sourceCode\":\"APPLOG-QUERY\",\"sourceName\":\"操作日志查询\",\"parentSource\":\"APPLOG\",\"sourceUrl\":\"/log/getLogPage.jmt\",\"iconsCls\":\"\",\"isleaf\":\"YES\",\"isShow\":\"NO\",\"sortNum\":0}]','ADMIN','SUCCESS',NULL,'2012-06-11 21:43:25'),  ('121','org.thorn.resource.service.ResourceServiceImpl','modify','[{\"sourceCode\":\"ORG-QUERY\",\"sourceName\":\"组织查询\",\"parentSource\":\"ORG\",\"sourceUrl\":\"/org/get*.jmt\",\"iconsCls\":\"\",\"isleaf\":\"YES\",\"isShow\":\"NO\",\"sortNum\":0}]','ADMIN','SUCCESS',NULL,'2012-06-11 21:43:34'),  ('122','org.thorn.resource.service.ResourceServiceImpl','modify','[{\"sourceCode\":\"USER-QUERY\",\"sourceName\":\"用户查询\",\"parentSource\":\"USER\",\"sourceUrl\":\"/user/get*.jmt\",\"iconsCls\":\"\",\"isleaf\":\"YES\",\"isShow\":\"NO\",\"sortNum\":0}]','ADMIN','SUCCESS',NULL,'2012-06-11 21:43:46'),  ('123','org.thorn.resource.service.ResourceServiceImpl','modify','[{\"sourceCode\":\"USER-UPDATE\",\"sourceName\":\"用户更新\",\"parentSource\":\"USER\",\"sourceUrl\":\"/user/saveOrModify*.jmt\",\"iconsCls\":\"\",\"isleaf\":\"YES\",\"isShow\":\"NO\",\"sortNum\":1}]','ADMIN','SUCCESS',NULL,'2012-06-11 21:43:58'),  ('124','org.thorn.resource.service.ResourceServiceImpl','modify','[{\"sourceCode\":\"USER-DELETE\",\"sourceName\":\"用户删除\",\"parentSource\":\"USER\",\"sourceUrl\":\"/user/deleteUser.jmt\",\"iconsCls\":\"\",\"isleaf\":\"YES\",\"isShow\":\"NO\",\"sortNum\":2}]','ADMIN','SUCCESS',NULL,'2012-06-11 21:44:02'),  ('125','org.thorn.resource.service.ResourceServiceImpl','modify','[{\"sourceCode\":\"ROLE-QUERY\",\"sourceName\":\"角色查询\",\"parentSource\":\"ROLE\",\"sourceUrl\":\"/role/get*.jmt\",\"iconsCls\":\"\",\"isleaf\":\"YES\",\"isShow\":\"NO\",\"sortNum\":0}]','ADMIN','SUCCESS',NULL,'2012-06-11 21:44:27'),  ('126','org.thorn.resource.service.ResourceServiceImpl','modify','[{\"sourceCode\":\"AUTH-QUERY\",\"sourceName\":\"授权关系查询\",\"parentSource\":\"AUTH\",\"sourceUrl\":\"/user/get*.jmt\",\"iconsCls\":\"\",\"isleaf\":\"YES\",\"isShow\":\"NO\",\"sortNum\":0}]','ADMIN','SUCCESS',NULL,'2012-06-11 21:44:41'),  ('127','org.thorn.resource.service.ResourceServiceImpl','save','[{\"sourceCode\":\"FILE-QUERY\",\"sourceName\":\"附件查询\",\"parentSource\":\"ATT\",\"sourceUrl\":\"/cf/get*.jmt\",\"iconsCls\":\"\",\"isleaf\":\"YES\",\"isShow\":\"NO\",\"sortNum\":0}]','ADMIN','SUCCESS',NULL,'2012-06-11 21:46:00'),  ('128','org.thorn.resource.service.ResourceServiceImpl','delete','[\"FILE-QUERY,\"]','ADMIN','SUCCESS',NULL,'2012-06-11 21:47:02');
INSERT INTO `t_sys_org` VALUES ('1','ROOT','-1','组织树','组织树','COMPANY',NULL,'0','NO','NO',NULL),  ('2','001','ROOT','北京市分公司','北京市分公司','COMPANY',NULL,'1','YES','NO','BJ'),  ('11','002','ROOT','湖北省分公司','湖北省分公司','COMPANY','hb@thorn.com','2','YES','NO','HB'),  ('12','0011','001','信息化部','信息化部','DEPT',NULL,'0','YES','NO','BJ'),  ('13','0021','002','信息化部','信息化部','DEPT',NULL,'1','YES','NO','HB'),  ('14','0012','001','北分市场部','市场部','DEPT',NULL,'2','YES','NO','BJ');
INSERT INTO `t_sys_resource` VALUES ('0','ALL','/**','YES','NO','-1','99',''),  ('APPLOG','操作日志','/system/log/appLog.jsp','YES','YES','LOG','1','tree-appLog'),  ('APPLOG-EXCEL','操作日志导出','/log/exportLogExcel.jmt','YES','NO','APPLOG','999',NULL),  ('APPLOG-QUERY','操作日志查询','/log/getLogPage.jmt','YES','NO','APPLOG','0',NULL),  ('ATT','文件管理','/system/att/attachment.jsp','YES','YES','SYS','9','tree-att'),  ('ATT-DELETE','附件删除','/att/delete.jmt','YES','NO','NAV','3',NULL),  ('ATT-DOWNLOAD','附件下载','/att/download.jmt','YES','NO','NAV','4',NULL),  ('ATT-UPLOAD','附件上传','/att/get*.jmt','YES','NO','NAV','2',NULL),  ('AUTH','用户授权','/system/role/userAuth.jsp','YES','YES','AUTHMANAGER','1','tree-auth'),  ('AUTH-ADD','添加用户','/user/saveUserRole.jmt','YES','NO','AUTH','999',''),  ('AUTH-DELETE','删除用户','/user/deleteUserRole.jmt','YES','NO','AUTH','999',''),  ('AUTH-QUERY','授权关系查询','/user/get*.jmt','YES','NO','AUTH','0',''),  ('AUTHMANAGER','权限管理',NULL,'NO','YES','SYS','3',NULL),  ('CF','配置项管理',NULL,'NO','YES','SYS','0',NULL),  ('CF-MODIFY','配置文件修改','/cf/modifyConfig.jmt','YES','NO','CONFIG','1',NULL),  ('CF-QUERY','配置文件查看','/cf/get*.jmt','YES','NO','CONFIG','0',NULL),  ('CONFIG','配置文件管理','/system/cf/configurator.jsp','YES','YES','CF','1','tree-config'),  ('DICT','数据字典管理','/system/dd/dd.jsp','YES','YES','CF','0','tree-dd'),  ('DICT-DELETE','数据字典删除','/dd/delete*.jmt','YES','NO','DICT','999',''),  ('DICT-QUERY','数据字典查询','/dd/get*.jmt','YES','NO','DICT','0',''),  ('DICT-UPDATE','数据字典更新','/dd/saveOrModify*.jmt','YES','NO','DICT','999',''),  ('HOME','主页','/system/main.jsp','YES','NO','NAV','0',NULL),  ('LEFTMENU','菜单树','/resource/getLeftTree.jmt','YES','NO','NAV','1',NULL),  ('LOG','日志管理',NULL,'NO','YES','SYS','1',NULL),  ('MYPWD','修改密码','/system/user/changePwd.jsp','YES','YES','USERMANAGER','99','tree-pwd'),  ('MYPWD-CHANGE','密码修改','/user/changeMyPwd.jmt','YES','NO','MYPWD','999',''),  ('NAV','应用菜单','','NO','YES','0','0',''),  ('ORG','组织管理','/system/org/org.jsp','YES','YES','USERMANAGER','0','tree-org'),  ('ORG-DELETE','组织删除','/org/delete*.jmt','YES','NO','ORG','999',''),  ('ORG-QUERY','组织查询','/org/get*.jmt','YES','NO','ORG','0',''),  ('ORG-UPDATE','组织更新','/org/saveOrModify*.jmt','YES','NO','ORG','999',''),  ('ROLE','角色管理','/system/role/role.jsp','YES','YES','AUTHMANAGER','0','tree-role'),  ('ROLE-AUTH','角色授权','/role/saveAuth.jmt','YES','NO','ROLE','999',''),  ('ROLE-DELETE','角色删除','/role/delete*.jmt','YES','NO','ROLE','999',''),  ('ROLE-QUERY','角色查询','/role/get*.jmt','YES','NO','ROLE','0',''),  ('ROLE-UPDATE','角色更新','/role/saveOrModify*.jmt','YES','NO','ROLE','999',''),  ('SOURCE','资源管理','/system/resource/source.jsp','YES','YES','CF','2','tree-source'),  ('SOURCE-DELETE','资源删除','/resource/delete*.jmt','YES','NO','SOURCE','999',''),  ('SOURCE-QUERY','资源查询','/resource/get*.jmt','YES','NO','SOURCE','0',''),  ('SOURCE-UPDATE','资源更新','/resource/saveOrModify*.jmt','YES','NO','SOURCE','999',''),  ('SYS','系统管理','','NO','YES','0','0',''),  ('SYSLOG','系统日志','/system/log/sysLog.jsp','YES','YES','LOG','0','tree-sysLog'),  ('SYSLOG-LEVEL','修改日志级别','/log/*LogLevel.jmt','YES','NO','SYSLOG','1',NULL),  ('SYSLOG-QUERY','系统日志查询','/system/log/sysLog*.jsp','YES','NO','SYSLOG','0',NULL),  ('USER','用户管理','/system/user/user.jsp','YES','YES','USERMANAGER','1','tree-user'),  ('USER-DELETE','用户删除','/user/deleteUser.jmt','YES','NO','USER','2',''),  ('USER-DISABLED','用户启/禁用','/user/disabled*.jmt','YES','NO','USER','999',''),  ('USER-PWD','密码修改','/user/changePwd.jmt','YES','NO','USER','999',''),  ('USER-QUERY','用户查询','/user/get*.jmt','YES','NO','USER','0',''),  ('USER-ROLE','用户角色管理','/user/saveRoleByUser.jmt','YES','NO','USER','999',''),  ('USER-UPDATE','用户更新','/user/saveOrModify*.jmt','YES','NO','USER','1',''),  ('USERMANAGER','用户管理',NULL,'NO','YES','SYS','2',NULL);
INSERT INTO `t_sys_role` VALUES ('COMMONUSER','普通用户',NULL,'NO'),  ('TESTDD','数据字典测试角色',NULL,'NO');
INSERT INTO `t_sys_role_res` VALUES ('COMMONUSER','ATT-DELETE','2012-06-11 21:27:13'),  ('COMMONUSER','ATT-DOWNLOAD','2012-06-11 21:27:13'),  ('COMMONUSER','ATT-UPLOAD','2012-06-11 21:27:13'),  ('COMMONUSER','HOME','2012-06-11 21:27:13'),  ('COMMONUSER','LEFTMENU','2012-06-11 21:27:13'),  ('COMMONUSER','MYPWD','2012-06-11 21:27:13'),  ('COMMONUSER','MYPWD-CHANGE','2012-06-11 21:27:13'),  ('COMMONUSER','USERMANAGER','2012-06-11 21:27:13'),  ('TESTDD','APPLOG','2012-06-11 21:34:10'),  ('TESTDD','APPLOG-QUERY','2012-06-11 21:34:10'),  ('TESTDD','ATT','2012-06-11 21:34:10'),  ('TESTDD','AUTH','2012-06-11 21:34:10'),  ('TESTDD','AUTH-QUERY','2012-06-11 21:34:10'),  ('TESTDD','AUTHMANAGER','2012-06-11 21:34:10'),  ('TESTDD','CF','2012-06-11 21:34:10'),  ('TESTDD','CF-QUERY','2012-06-11 21:34:10'),  ('TESTDD','CONFIG','2012-06-11 21:34:10'),  ('TESTDD','DICT','2012-06-11 21:34:10'),  ('TESTDD','DICT-QUERY','2012-06-11 21:34:10'),  ('TESTDD','LOG','2012-06-11 21:34:10'),  ('TESTDD','ORG','2012-06-11 21:34:10'),  ('TESTDD','ORG-QUERY','2012-06-11 21:34:10'),  ('TESTDD','ROLE','2012-06-11 21:34:10'),  ('TESTDD','ROLE-QUERY','2012-06-11 21:34:10'),  ('TESTDD','SOURCE','2012-06-11 21:34:10'),  ('TESTDD','SOURCE-QUERY','2012-06-11 21:34:10'),  ('TESTDD','SYSLOG','2012-06-11 21:34:10'),  ('TESTDD','SYSLOG-QUERY','2012-06-11 21:34:10'),  ('TESTDD','USER','2012-06-11 21:34:10'),  ('TESTDD','USER-QUERY','2012-06-11 21:34:10'),  ('TESTDD','USERMANAGER','2012-06-11 21:34:10');
INSERT INTO `t_sys_user` VALUES ('ADMIN','系统管理员','陈','CHENYUN','6994d5fd8501c8576fcfd99c3386f085','male','chenyun313@163.com','18701309727','ROOT','YES','NO','0','SYSADMIN'),  ('AINAN','艾楠','艾','ainan','67de2274915e33d54ae338ffdabeee76',NULL,'ainan@163.com',NULL,'0021','YES','NO','0','COMMONUSER'),  ('ZHENGYQ','张亚奇','张','zhangyq','77b01f654f188c182c6b6b28dffe8df8','male','zhengyq@163.com',NULL,'0021','YES','NO',NULL,'COMMONUSER');
INSERT INTO `t_sys_user_role` VALUES ('AINAN','TESTDD','2012-06-01 15:13:51');
