/*
MySQL Backup
Source Server Version: 5.0.51
Source Database: parrot
Date: 2012/8/14 23:58:37
*/


-- ----------------------------
--  Table structure for `persistent_logins`
-- ----------------------------
DROP TABLE IF EXISTS `persistent_logins`;
CREATE TABLE `persistent_logins` (
  `USERNAME` varchar(200) NOT NULL,
  `SERIES` varchar(200) NOT NULL,
  `TOKEN` varchar(200) NOT NULL,
  `LAST_USED` timestamp NOT NULL default CURRENT_TIMESTAMP on update CURRENT_TIMESTAMP,
  PRIMARY KEY  (`SERIES`)
) ENGINE=InnoDB DEFAULT CHARSET=utf8;

-- ----------------------------
--  Table structure for `t_common_att`
-- ----------------------------
DROP TABLE IF EXISTS `t_common_att`;
CREATE TABLE `t_common_att` (
  `ID` int(11) NOT NULL auto_increment,
  `FILENAME` varchar(200) NOT NULL,
  `FILEPATH` varchar(2000) default NULL,
  `SAVETYPE` varchar(100) NOT NULL,
  `FILE` blob,
  `FILETYPE` varchar(100) NOT NULL,
  `UPLOADTIME` timestamp NOT NULL default CURRENT_TIMESTAMP on update CURRENT_TIMESTAMP,
  `UPLOADER` varchar(200) NOT NULL,
  PRIMARY KEY  (`ID`)
) ENGINE=InnoDB AUTO_INCREMENT=3 DEFAULT CHARSET=utf8;

-- ----------------------------
--  Table structure for `t_cost_budget`
-- ----------------------------
DROP TABLE IF EXISTS `t_cost_budget`;
CREATE TABLE `t_cost_budget` (
  `ID` int(11) NOT NULL auto_increment,
  `PID` int(11) default NULL,
  `TYPE` varchar(200) default NULL,
  `DETAIL` varchar(200) default NULL,
  `REMARK` varchar(200) default NULL,
  `MONEY` double default NULL,
  PRIMARY KEY  (`ID`)
) ENGINE=InnoDB DEFAULT CHARSET=utf8;

-- ----------------------------
--  Table structure for `t_flow_minds`
-- ----------------------------
DROP TABLE IF EXISTS `t_flow_minds`;
CREATE TABLE `t_flow_minds` (
  `ID` int(11) NOT NULL auto_increment,
  `FLOWID` int(11) default NULL,
  `USERID` varchar(200) default NULL,
  `USERNAME` varchar(200) default NULL,
  `MIND` varchar(2000) default NULL,
  `TIME` timestamp NOT NULL default CURRENT_TIMESTAMP on update CURRENT_TIMESTAMP,
  `ACTIVITYNAME` varchar(200) default NULL,
  PRIMARY KEY  (`ID`)
) ENGINE=InnoDB AUTO_INCREMENT=13 DEFAULT CHARSET=utf8;

-- ----------------------------
--  Table structure for `t_heritor`
-- ----------------------------
DROP TABLE IF EXISTS `t_heritor`;
CREATE TABLE `t_heritor` (
  `ID` int(11) NOT NULL auto_increment,
  `NAME` varchar(200) default NULL,
  `IDCARD` varchar(200) default NULL,
  `GENDER` varchar(50) default NULL,
  `BATCHNUM` varchar(200) default NULL,
  `REMARK` varchar(500) default NULL,
  `ISDIE` varchar(50) default NULL,
  `DIEDATE` date default NULL,
  `PROJECTID` int(11) default NULL,
  `PROVINCE` varchar(200) default NULL,
  PRIMARY KEY  (`ID`)
) ENGINE=InnoDB AUTO_INCREMENT=4 DEFAULT CHARSET=utf8;

-- ----------------------------
--  Table structure for `t_incr_seq`
-- ----------------------------
DROP TABLE IF EXISTS `t_incr_seq`;
CREATE TABLE `t_incr_seq` (
  `ACCOUNTSEQ` int(11) NOT NULL default '0'
) ENGINE=InnoDB DEFAULT CHARSET=utf8;

-- ----------------------------
--  Table structure for `t_project`
-- ----------------------------
DROP TABLE IF EXISTS `t_project`;
CREATE TABLE `t_project` (
  `ID` int(11) NOT NULL auto_increment,
  `NAME` varchar(500) default NULL,
  `CODE` varchar(200) default NULL,
  `TYPE` varchar(200) default NULL,
  `ISUNPROJECT` varchar(50) default NULL,
  `BIGNO` varchar(50) default NULL,
  `SMALLNO` varchar(50) default NULL,
  `BATCHNUM` varchar(50) default NULL,
  `MINORITY` varchar(100) default NULL,
  `AREA` varchar(500) default NULL,
  `USERID` varchar(200) default NULL,
  `PROVINCE` varchar(200) default NULL,
  PRIMARY KEY  (`ID`)
) ENGINE=InnoDB AUTO_INCREMENT=4 DEFAULT CHARSET=utf8;

-- ----------------------------
--  Table structure for `t_project_cost`
-- ----------------------------
DROP TABLE IF EXISTS `t_project_cost`;
CREATE TABLE `t_project_cost` (
  `ID` int(11) NOT NULL auto_increment,
  `PROJECTID` int(11) default NULL,
  `PROJECTNAME` varchar(500) default NULL,
  `YEAR` varchar(100) default NULL,
  `CREATER` varchar(200) default NULL,
  `CREATERNAME` varchar(200) default NULL,
  `PROVINCE` varchar(200) default NULL,
  `ATTIDS` varchar(2000) default NULL,
  `ADDRESS` varchar(500) default NULL,
  `POSTALCODE` varchar(200) default NULL,
  `CONTACTS` varchar(200) default NULL,
  `PHONE` varchar(200) default NULL,
  `BANKNAME` varchar(200) default NULL,
  `BANK` varchar(200) default NULL,
  `BANKACCOUNT` varchar(200) default NULL,
  `COMPANYCTF` varchar(500) default NULL,
  `APPREASON` varchar(2000) default NULL,
  `CONTENT` varchar(2000) default NULL,
  `TARGET` varchar(2000) default NULL,
  `USEDYEAR` varchar(200) default NULL,
  `MONEY` double default NULL,
  `BUDGET` varchar(2000) default NULL,
  `APPLYTIME` datetime default NULL,
  PRIMARY KEY  (`ID`)
) ENGINE=InnoDB AUTO_INCREMENT=4 DEFAULT CHARSET=utf8;

-- ----------------------------
--  Table structure for `t_reserve`
-- ----------------------------
DROP TABLE IF EXISTS `t_reserve`;
CREATE TABLE `t_reserve` (
  `ID` int(11) NOT NULL auto_increment,
  `NAME` varchar(500) default NULL,
  `BULIDTIME` varchar(200) default NULL,
  `AREA` varchar(500) default NULL,
  `USERID` varchar(200) default NULL,
  `PROVINCE` varchar(200) default NULL,
  PRIMARY KEY  (`ID`)
) ENGINE=InnoDB AUTO_INCREMENT=5 DEFAULT CHARSET=utf8;

-- ----------------------------
--  Table structure for `t_resever_cost`
-- ----------------------------
DROP TABLE IF EXISTS `t_resever_cost`;
CREATE TABLE `t_resever_cost` (
  `ID` int(11) NOT NULL auto_increment,
  `RESEVERID` int(11) default NULL,
  `RESEVERNAME` varchar(500) default NULL,
  `YEAR` varchar(100) default NULL,
  `CREATER` varchar(200) default NULL,
  `CREATERNAME` varchar(200) default NULL,
  `PROVINCE` varchar(200) default NULL,
  `ATTIDS` varchar(2000) default NULL,
  `ADDRESS` varchar(500) default NULL,
  `POSTALCODE` varchar(200) default NULL,
  `CONTACTS` varchar(200) default NULL,
  `PHONE` varchar(200) default NULL,
  `APPREASON` varchar(2000) default NULL,
  `CONTENT` varchar(2000) default NULL,
  `TARGET` varchar(2000) default NULL,
  `APPLYMONEY` double default NULL,
  `GIVENMONEY` double default NULL,
  `BUDGET` varchar(2000) default NULL,
  `APPLYTIME` datetime default NULL,
  PRIMARY KEY  (`ID`)
) ENGINE=InnoDB DEFAULT CHARSET=utf8;

-- ----------------------------
--  Table structure for `t_sys_dict`
-- ----------------------------
DROP TABLE IF EXISTS `t_sys_dict`;
CREATE TABLE `t_sys_dict` (
  `DNAME` varchar(50) NOT NULL,
  `DVALUE` varchar(200) NOT NULL,
  `SORTNUM` int(11) default NULL,
  `TYPEID` varchar(50) NOT NULL,
  PRIMARY KEY  (`DNAME`,`TYPEID`)
) ENGINE=InnoDB DEFAULT CHARSET=utf8;

-- ----------------------------
--  Table structure for `t_sys_dict_type`
-- ----------------------------
DROP TABLE IF EXISTS `t_sys_dict_type`;
CREATE TABLE `t_sys_dict_type` (
  `ENAME` varchar(50) NOT NULL,
  `CNAME` varchar(50) NOT NULL,
  `TYPEDESC` varchar(200) default NULL,
  PRIMARY KEY  (`ENAME`)
) ENGINE=InnoDB DEFAULT CHARSET=utf8;

-- ----------------------------
--  Table structure for `t_sys_log`
-- ----------------------------
DROP TABLE IF EXISTS `t_sys_log`;
CREATE TABLE `t_sys_log` (
  `ID` int(11) NOT NULL auto_increment,
  `MODULENAME` varchar(100) default NULL,
  `METHODNAME` varchar(200) default NULL,
  `PARAMETERS` varchar(2000) default NULL,
  `USERID` varchar(50) default NULL,
  `HANDLERESULT` varchar(50) default NULL,
  `ERRORMSG` varchar(2000) default NULL,
  `EXECUTETIME` timestamp NOT NULL default CURRENT_TIMESTAMP on update CURRENT_TIMESTAMP,
  PRIMARY KEY  (`ID`)
) ENGINE=InnoDB AUTO_INCREMENT=202 DEFAULT CHARSET=utf8;

-- ----------------------------
--  Table structure for `t_sys_org`
-- ----------------------------
DROP TABLE IF EXISTS `t_sys_org`;
CREATE TABLE `t_sys_org` (
  `ORGID` int(11) NOT NULL auto_increment,
  `ORGCODE` varchar(200) NOT NULL,
  `PARENTORG` varchar(200) NOT NULL,
  `ORGNAME` varchar(200) NOT NULL,
  `SHOWNAME` varchar(200) default NULL,
  `ORGTYPE` varchar(20) NOT NULL,
  `ORGMAIL` varchar(50) default NULL,
  `SORTNUM` int(11) default NULL,
  `ISSHOW` varchar(20) default NULL,
  `ISDISABLED` varchar(20) default NULL,
  `AREA` varchar(20) default NULL,
  PRIMARY KEY  (`ORGID`)
) ENGINE=InnoDB AUTO_INCREMENT=14 DEFAULT CHARSET=utf8;

-- ----------------------------
--  Table structure for `t_sys_resource`
-- ----------------------------
DROP TABLE IF EXISTS `t_sys_resource`;
CREATE TABLE `t_sys_resource` (
  `SOURCECODE` varchar(50) NOT NULL,
  `SOURCENAME` varchar(50) NOT NULL,
  `SOURCEURL` varchar(200) default NULL,
  `ISLEAF` varchar(20) NOT NULL,
  `ISSHOW` varchar(20) NOT NULL,
  `PARENTSOURCE` varchar(50) NOT NULL,
  `SORTNUM` int(11) default NULL,
  `ICONSCLS` varchar(20) default NULL,
  PRIMARY KEY  (`SOURCECODE`)
) ENGINE=InnoDB DEFAULT CHARSET=utf8;

-- ----------------------------
--  Table structure for `t_sys_role`
-- ----------------------------
DROP TABLE IF EXISTS `t_sys_role`;
CREATE TABLE `t_sys_role` (
  `ROLECODE` varchar(50) NOT NULL,
  `ROLENAME` varchar(50) default NULL,
  `ROLEDESC` varchar(200) default NULL,
  `ISDISABLED` varchar(20) default NULL,
  PRIMARY KEY  (`ROLECODE`)
) ENGINE=InnoDB DEFAULT CHARSET=utf8;

-- ----------------------------
--  Table structure for `t_sys_role_res`
-- ----------------------------
DROP TABLE IF EXISTS `t_sys_role_res`;
CREATE TABLE `t_sys_role_res` (
  `ROLECODE` varchar(50) NOT NULL,
  `SOURCECODE` varchar(50) NOT NULL,
  `CREATTIME` timestamp NOT NULL default CURRENT_TIMESTAMP on update CURRENT_TIMESTAMP,
  PRIMARY KEY  (`ROLECODE`,`SOURCECODE`)
) ENGINE=InnoDB DEFAULT CHARSET=utf8;

-- ----------------------------
--  Table structure for `t_sys_user`
-- ----------------------------
DROP TABLE IF EXISTS `t_sys_user`;
CREATE TABLE `t_sys_user` (
  `USERID` varchar(50) NOT NULL,
  `UNAME` varchar(50) NOT NULL,
  `SN` varchar(50) default NULL,
  `USERACCOUNT` varchar(50) NOT NULL,
  `USERPWD` varchar(200) default NULL,
  `GENDER` varchar(20) default NULL,
  `CUMAIL` varchar(50) default NULL,
  `PHONE` varchar(20) default NULL,
  `ORGCODE` varchar(200) default NULL,
  `ISSHOW` varchar(20) default NULL,
  `ISDISABLED` varchar(20) default NULL,
  `SORTNUM` int(11) default NULL,
  `DEFAULTROLE` varchar(50) default NULL,
  PRIMARY KEY  (`USERID`)
) ENGINE=InnoDB DEFAULT CHARSET=utf8;

-- ----------------------------
--  Table structure for `t_sys_user_role`
-- ----------------------------
DROP TABLE IF EXISTS `t_sys_user_role`;
CREATE TABLE `t_sys_user_role` (
  `USERID` varchar(50) NOT NULL,
  `ROLECODE` varchar(50) NOT NULL,
  `CREATTIME` timestamp NOT NULL default CURRENT_TIMESTAMP on update CURRENT_TIMESTAMP,
  PRIMARY KEY  (`USERID`,`ROLECODE`)
) ENGINE=InnoDB DEFAULT CHARSET=utf8;

-- ----------------------------
--  Table structure for `t_workflow`
-- ----------------------------
DROP TABLE IF EXISTS `t_workflow`;
CREATE TABLE `t_workflow` (
  `ID` int(11) NOT NULL auto_increment,
  `FLOWTYPE` varchar(200) default NULL,
  `ACTIVITY` varchar(200) default NULL,
  `FLOWSTATUS` varchar(200) default NULL,
  `CREATER` varchar(200) default NULL,
  `CREATERNAME` varchar(200) default NULL,
  `CREATETIME` datetime default NULL,
  `PID` int(11) default NULL,
  `HANDLER` varchar(200) default NULL,
  `PROVINCE` varchar(200) default NULL,
  `HANDLERTYPE` varchar(200) default NULL,
  PRIMARY KEY  (`ID`)
) ENGINE=InnoDB AUTO_INCREMENT=4 DEFAULT CHARSET=utf8;

-- ----------------------------
--  Records 
-- ----------------------------
INSERT INTO `t_common_att` VALUES ('1','网站建设合同书.doc',NULL,'DB','ࡱ\Z\0\0\0\0\0\0\0\0\0\0\0\0\0\0\0\0>\0\0	\0\0\0\0\0\0\0\0\0\0\0\0\0\0\0\0\0\0\0\0\0\0\0\0\0\0\0\0\0\0\0\0\0\0\0\0\0\0\0\0\0\0\0\0\0\0\0\0\0\0\0	\0\0\0\n\0\0\0\0\0\0\0\0\0\r\0\0\0\0\0\0\0\0\0\0\0\0\0\0\0\0\0\0\0\0\0\0\0\0\0\0\0\0\0\0\0\0\0\0\0\0\0\0\0\Z\0\0\0\0\0\0\0\0\0\0\0\0L\0\0\0\0\0\0 \0\0\0!\0\0\0\"\0\0\0#\0\0\0$\0\0\0%\0\0\0&\0\0\0\'\0\0\0(\0\0\0)\0\0\0*\0\0\0+\0\0\0,\0\0\0-\0\0\0.\0\0\0/\0\0\00\0\0\01\0\0\02\0\0\03\0\0\04\0\0\05\0\0\06\0\0\07\0\0\08\0\0\09\0\0\0:\0\0\0;\0\0\0<\0\0\0=\0\0\0>\0\0\0?\0\0\0@\0\0\0A\0\0\0B\0\0\0C\0\0\0D\0\0\0E\0\0\0F\0\0\0G\0\0\0H\0\0\0I\0\0\0J\0\0\0K\0\0\0M\0\0\0N\0\0\0O\0\0\0P\0\0\0R\0o\0o\0t\0 \0E\0n\0t\0r\0y\0\0\0\0\0\0\0\0\0\0\0\0\0\0\0\0\0\0\0\0\0\0\0\0\0\0\0\0\0\0\0\0\0\0\0\0\0\0\0\0\0\0\0\0\0\0\0\0\0\0	\0\0\0\0\0\0\0\0\0\0\0F\0\0\0\0\0\0\0\0\0\0\0\0p3.>\0\0\0\0\0\0\0\0\0\0\0S\0u\0m\0m\0a\0r\0y\0I\0n\0f\0o\0r\0m\0a\0t\0i\0o\0n\0\0\0\0\0\0\0\0\0\0\0\0\0\0\0\0\0\0\0\0\0\0\0\0\0\0\0(\0\0\0\0\0\0\0\0\0\0\0\0\0\0\0\0\0\0\0\0\0\0\0\0\0\0\0\0\0\0\0\0\0\0\0\0\0\0\0\0\0\0\0\0\0\0\0\0\0\0\0\0\0\0\0D\0o\0c\0u\0m\0e\0n\0t\0S\0u\0m\0m\0a\0r\0y\0I\0n\0f\0o\0r\0m\0a\0t\0i\0o\0n\0\0\0\0\0\0\0\0\0\0\08\0\0\0\0\0\0\0\0\0\0\0\0\0\0\0\0\0\0\0\0\0\0\0\0\0\0\0\0\0\0\0\0\0\0\0\0\0\0\0\0\0\0\0\0\0\0\0W\0o\0r\0d\0D\0o\0c\0u\0m\0e\0n\0t\0\0\0\0\0\0\0\0\0\0\0\0\0\0\0\0\0\0\0\0\0\0\0\0\0\0\0\0\0\0\0\0\0\0\0\0\0\0\0\0\0\Z\0\0\0\0\0\0\0\0\0\0\0\0\0\0\0\0\0\0\0\0\0\0\0\0\0\0\0\0\0\0\0\0\0\0\0\0\0\0\0\0\03z\0\0\0\0\0\0\0\0\0\0\0\0\0\0\0\0\0\0\0\0\0\0\0\0\0\0\0	\0\0\0\n\0\0\0\0\0\0\0\0\0\r\0\0\0\0\0\0\0\0\0\0\0\0\0\0\0\0\0\0\0\0\0\0\0\0\0\0\0\0\0\0\0Oh\0+\'0\0\0\0\0\0\0\0\0\0\0\0\0\0\0\0\0\0\0\0\0\0\0\0\0\0\0\0\0\0\0\0\0\0\0\0\0\0\0\0\0\0\0\0\0\0\0\0\0\0\0\0\0\0\0\0\0\0\0\0 \0\0	\0\0\0<\0\0\n\0\0\0L\0\0\0\0\0X\0\0\r\0\0\0d\0\0\0\0\0p\0\0\0\0\0|\0\0\0\0\0\0\0\0\0\0\0\0\0\0\0\0\0\0\0\0\0\0\0\0\0\0\0\0\0\0\0\0\0\0\0\n\0\0\0O\ZNQz^TTfN\0\0\0\0\0\0\0\0\0\0\0\0\0\0\0\0\0\0ѐIQS\0\0\0\0\0\0\0\0\0\0\0\0\0\0\0\0\0\0\0\0\0\0\0\0\0\0\0\0N\0o\0r\0m\0a\0l\0.\0d\0o\0t\0\0\0\0\0\0\0\0\n\0\0\0M\0C\0 \0S\0Y\0S\0T\0E\0M\0\0\0\0\0\0\0\0\01\09\05\0\0\0@\0\0\0\0\0\0\0\0\0\0\0@\0\0\0\0 p@\0\0\0\0n*2b@\0\0\0\05O\0\0\0\0\0\0\0\0\0\r\0\0\0\0\0j\0\0\0\0\0\0\0\0M\0i\0c\0r\0o\0s\0o\0f\0t\0 \0O\0f\0f\0i\0c\0e\0 \0W\0o\0r\0d\0\0\0\0\0\0\0\0\0\0\0\0\0\0\0\0\0\0\0\0\0\0\0\0\0\0\0\0\0\0\0\0՜.\0+,D\0\0\0՜.\0+,l\0\0(\0\0\0\0\0\0\0\0\0\0\0\0\0\0\0\0\0\0\0\0\0\0\0\0\0\0\0\0\0\0\0\0\0\0\0\0\0\0\0\0\0\0\0\0\0\0\0\0\0\0\0\0\0\0\0\0\0\0\0\0\0\0\0\0\0\0\0\0\0\0\0\0\0\0\0\0\0	\0\0\0\0\0\n\0\0\0\0\0\0\0\0\0\0\0\0\0 \0\0\0\0\0\0\0\0\0\0\0\0\0\0\0	\0\0\0	NjmQ~	gPlQS\0\0\0\0\0\0\0\0\0\0\0\0\0\0\0\0\0\0\0\0\0\0\0\0\0\0\0\n\0\0\0\0\0\0%\0\0\0\0\0\0m\0\0\0\0\0\0\0\0\0\0\0\0\0\0\0\0\0\0\0\0\0\0\0\0\0\0\0\0\0\0\0\0\0\0\0\0\0\0\0\0\0\0\0\0\0\0\0\0\0\0\0\0\0\0\0\0\0\0\0\0\0\0\0\0\0\0\0\0\0\0\0(\0\0\0\0\0\0\\\0\0\0\0\0\0d\0\0\0\0\0\0l\0\0\0\0\0\0\0\0\0\0\0\0K\0S\0O\0P\0r\0o\0d\0u\0c\0t\0B\0u\0i\0l\0d\0V\0e\0r\0\0\0\0\0\0\0\0\0\0\0\0\0\0\0\0\0\0\0\0\02\00\05\02\0-\08\0.\01\0.\00\0.\02\09\09\08\0\0\00\0T\0a\0b\0l\0e\0\0\0\0\0\0\0\0\0\0\0\0\0\0\0\0\0\0\0\0\0\0\0\0\0\0\0\0\0\0\0\0\0\0\0\0\0\0\0\0\0\0\0\0\0\0\0\0\0\0\0\0\0\0\0\0\0\0\0\0\0\0\0\0\0\0\0\0\0\0\0\0\0\0\0\0\0\0\0\0\0\0\0\0\0\0\0\0\0\0\0\0\0\0\0\0\0\0\0[\0\0\0\0\0\0D\0a\0t\0a\0\0\0\0\0\0\0\0\0\0\0\0\0\0\0\0\0\0\0\0\0\0\0\0\0\0\0\0\0\0\0\0\0\0\0\0\0\0\0\0\0\0\0\0\0\0\0\0\0\0\0\0\0\0\0\0\0\n\0\0\0\0\0\0\0\0\0\0\0\0\0\0\0\0\0\0\0\0\0\0\0\0\0\0\0\0\0\0\0\0\0\0\0\0\0\0\0\0\0\0\0\0\0\0\0\0\0\0\0\0\0\0\0\0\0\0\0\0\0\0\0\0\0\0\0\0\0\0\0\0\0\0\0\0\0\0\0\0\0\0\0\0\0\0\0\0\0\0\0\0\0\0\0\0\0\0\0\0\0\0\0\0\0\0\0\0\0\0\0\0\0\0\0\0\0\0\0\0\0\0\0\0\0\0\0\0\0\0\0\0\0\0\0\0\0\0\0\0\0\0\0\0\0\0\0\0\0\0\0\0\0\0\0\0\0\0\0\0\0\0\0\0\0\0\0\0\0\0\0\0\0\0\0\0\0\0\0\0\0\0\0\0\0\0\0\0\0\0\0\0\0\0\0\0\0\0\0\0\0\0\0\0\0\0\0\0\0\0\0\0\0\0\0\0\0\0\0\0\0\0\0\0\0\0\0\0\0\0\0\0\0\0\0\0\0\0\0\0\0\0\0\0\0\0\0\0\0\0\0\0\0\0\0\0\0\0\0\0\0\0\0\0\0\0\0\0\0\0\0\0\0\0\0\0\0\0\0	\0\0P\0\0\0\0\0\0\0\0\0\0\0\0\0.\0\0\0KSKS\0\0\0\0\0\0\0\0\0\0\0\0\0\0\0\0\0\0\0\0\03z\0\0\0\0\0\0\0\0\0\0\0\0\0\0\0\0(\0\0\0\0\0\0\0\0\0\0\0\0\0\0\0\0\0\0\0\0\0\0\0\0\0\0\0\0\0\0\0\0\0\0\0\0\0\0\0\0\0\0\0\0\0\0\0\0\0\0\0\0\0\0\0\0\0\0\0\0\02\0\0\0\02\0\0\0\0\0\0\0\0\0\0\0\0\0\0\0\0\0\0\0\0\0\0\0\0\0\0\0\0\0\0\0\0\0\0T\0\0\0\0\0\0\0\0\0\0\0\0\0\0\0\0\0\0\0\0\0\0\0\0\0\0\0\0\0\0\0\0\0\0\0\0\0h\0\08\0\0\0\0\0\0\0\0\0\0\0\0\0\0\0\0\0\0\0\0\0:\0\0J\0\0\0\0\0\0\0\0\0\01\0\0(\0\0\0\0\0\0\0\0\0\0\0\0\0\0\0\0\0\0\0\0\0\0\0\0\0\0\0\0\0\0\0\0\0\0\0\0\0\0\0\0\0\0\0\0\0\0\0\0\0\0\0Y\0\0\0\0\0\0\0\0\0\0\0\0\0\0\0\0\0\0\0\0\0\0\0\0\0\0\0\0\0\0\0\0\0\0\0\0\0\0\0\0\0\0\0\0\0\0\0\0\0\0\0\0\0\0\0h\0\0\0\0h\0\0\0%\0\0\0\0\0\0\0\0\0\0\0\0\0\0\0\0\0\0\0\0\0\0\0\0\0\0\0\0\0\0\0\0\0\0\0\0\0\0\0\0\0\0\0\0\0\0\0\0\0\0\0\0\0\0\0\0\0\0\0\0\0\0\0\0\0\0\0\0\0\0\0\0\0\0\0\0\0\0\0\0\0\0\0\0\0\0\0\0\0\0\0\0\0\0\0\0\0\0\0\0\0\0\0\0\0\0\0\0\0\0\0\0\0\0\0\0\0\0\0\0\0\0\0\0\0\0\0\0\0\0\0\0\0\0\0\0\0\0\0\0\0\0\0\0\0\0\0\0\0\0\0\0\0\0\0\0\0\0\0\0\0\0\0\0\0\0\0\0\0\0\0\0\0\0\0\0\0\0\0\0\0\0\0\0\0\0\0\0\0\0\0\0\0\0\0\0\0\0\0\0\0\0\0\0\0\0\0\0\0\0\0\0\0\0\0\0\0\0\0\0\0\0\0\0\0\0\0\0\0\0\0\0\0\0\0\0\0\0\0\0\0\0\0\0\0\0\0\0\0\0\0\0\0\0\0\0\0\0\0\0\0\0\0\0\0\0\0\0\0\0\0\0\0\0\0\0\0\0\0\0\0\0\0\0\0\0\0\0\0\0\0\0\0\0\0\0\0\0\0\0\0\0\0\0\0\0\0\0\0\0\0\0\0\0\0\0\0\0\0\0\0\0\0\0\0\0\0\0\0\0\0\0\0\0\0\0\0\0\0\0\0\0\0\0\0\0\0\0\0\0\0\0\0\0\0\0\0\0\0\0\0\0\0\0\0\0\0\0\0\0\0\0\0\0\0\0\0\0\0\0\0\0\0\0\0\0\0\0\0\0\0\0\0\0\0\0\0\0\0\0\0\0\0\0\0\0\0\0\0\0\0\0\0\0\0\0\0\0\0\0\0\0\0\0\0\0\0\0\0\0\0\0\0\0\0\0\0\0\0\0\0\0\0\0\0\0\0\0\0\0\0\0\0\0\0\0\0\0\0\0\0\0\0\0\0\0\0\0\0\0\0\0\0\0\0\0\0\0\0\0\0\0\0\0\0\0\0\0\0\0\0\0\0\0\0\0\0\0\0\0\0\0\0\0\0\0\0\0\0\0\0\0\0\0\0\0\0\0\0\0\0\0\0\0\0\0\0\0\0\0\0\0\0\0\0\0\0\0\0\0\0\0\0\0\0\0\0\0\0\0\0\0\0\0\0\0\0\0\0\0\0\0\0\0\0\0\0\0\0\0\0\0\0\0\0\0\0\0\0\0\0\0\0\0\0\0\0\0\0\0\0\0\0\0\0\0\0\0\0\0\0\0\0\0\0\0\0\0\0\0\0\0\0\0\0\0\0\0\0\0\0\0\0\0\0\0\0\0\0\0\0\0\0\0\0\0\0\0\0\0\0\0\0\0\0\0\0\0\0\0\0\0\0\0\0\0\0\0\0\0\0\0\0\0\0\0\0\0\0\0\0\0\0\0\0\0\0\0\0\0\0\0\0\0\0\0\0\0\0\0\0\0\0\0\0\0\0\0\0\0\0\0\0\0\0\0\0\0\0\0\0\0\0\0\0\0\0\0\0\0\0\0\0\0\0\0\0\0\0\0\0\0\0\0\0\0\0\0\0\0\0\0\0\0\0\0\0\0\0\0\0\0\0\0\0\0\0\0\0\0\0\0\0\0\0\0\0\0\0\0\0\0\0\0\0\0\0\0\0\0\0\0\0\0\0\0\0\0\0\0\0\0\0\0\0\0\0\0\0\0\0\0\0\0\0\0\0\0\0\0\0\0\0\0\0\0\0\0\0\0\0\0\0\0\0\0\0\0\0\0\0\0\0\0\0\0\0\0\0\0\0\0\0\0\0\0\0\0\0\0\0\0\0\0\0\0\0\0\0\0\0\0\0\0\0\0\0\0\0\0\0\0\0\0\0\0\0\0\0\0\0\0\0\0\0\0\0\0\0\0\0\0\0\0\0\0\0\0\0\0\0\0\0\0\0\0\0\0\0\0\0\0\0\0\0\0\0\0\0\0\0\0\0\0\0\0\0\0\0\0\0\0\0\0\0\0\0\0\0\0\0\0\0\0\0\0\0\0\0\0\0\0\0\0\0\0\0\0\0\0\0\0\0\0\0\0\0\0\0\0\0\0\0\0\0\0\0\0\0\0\0\0\0\0\0\0\0\0\0\0\0\0\0\0\0\0\0\0\0\0\0\0\0\0\0\0\0\0\0\0\0\0\0\0\0\0\0\0\0\0\0\0\0\0\0\0\0\0\0\0\0\0\0\0\0\0\0\0\0\0\0\0\0\0\0\0\0\0\0\0\0\0\0\0\0\0\0\0\0\0\0\0\0\0\0\0\0\0\0\0\0\0\0\0\0\0\0\0\0\0\0\0\0\0\0\0\0\0\0\0\0\0\0\0\0\0\0\0\0\0\0\0\0\0\0\0\0\0\0\0\0\0\0\0\0\0\0\0\0\0\0\0\0\0\0\0\0\0\0\0\0\0\0\0\0\0\0\0\0\0\0\0\0\0\0\0\0\0\0\0\0\0\0\0\0\0\0\0\0\0\0\0\0\0\0\0\0\0\0\0\0\0\0\0\0\0\0\0\0\0\0\0\0\0\0\0\0\0\0\0\0\0\0\0\0\0\0\0\0\0\0\0\0\0\0\0\0\0\0\0\0\0\0\0\0\0\0\0\0\0\0\0\0\0\0\0\0\0\0\0\0\0\0\0\0\0\0\0\0\0\0\0\0\0\0\0\0\0\0\0\0\0\0\0\0\0\0\0\0\0\0\0\0\0\0\0\0\0\0\0\0\0\0\0\0\0\0\0\0\0\0\0\0\0\0\0\0\0\0\0\0\0\0\0\0\0\0\0\0\0\0\0\0\0\0\0\0\0\0\0\0\0\0\0\0\0\0\0\0\0\0\0\0\0\0\0\0\0\0\0\0\0\0\0\0\0\0\0\0\0\0\0\0\0\0\0\0\0\0\0\0\0\0\0\0\0\0\0\0\0\0\0\0\0\0\0\0\0\0\0\0\0\0\0\0\0\0\0\0\0\0\0\0\0\0\0\0\0\0\0\0\0\0\0\0\0\0\0\0\0\0\0\0\0\0\0\0\0\0\0\0\0\0\0\0\0\0\0\0\0\0\0\0\0\0\0\0\0\0\0\0\0\0\0\0\0\0\0\0\0\0\0\0\0\0\0\0\0\0\0\0\0\0\0\0\0\0\0\0\0\0\0\0\0\0\0\0\0\0\0\0\0\0\0\0\0\0\0\0\0\0\0\0\0\0\0\0\0\0\0\0\0\0\0\0\0\0\0\0\0\0\0\0\0\0\0\0\0\0\0\0\0\0\0\0\0\0\0\0\0\0\0\0\0\0\0\0\0\0\0\0\0\0\0\0\0\0\0\0\0\0\0\0\0\0\0\0\0\0\0\0\0\0\0\0\0\0\0\0\0\0\0\0\0\0\0\0\0\0\0\0\0\0\0\0\0\0\0\0\0\0\0\0\0\0\0\0\0\0\0\0\0\0\0\0\0\0\0\0\0\0\0\0\0\0\0\0\0\0\0\0\0\0\0\r\0Qz^TTfN\r\0\r\02ue\Z \0 \0 \0 \0 \0 \0 \0 \0 \0 \0 \0 \0 \0 \0 \0 \0 \0 \0 \0 \0 \0 \0 \0 \0 \0 \0 \0 \0 \0 \0 \0 \0 \0 \0 \0\r\0YNe\Z \0 \0 \0 \0 \0 \0 \0 \0 \0 \0 \0 \0 \0 \0 \0\r\0	\0\nN2u0YNSe~S}YOSFU\0N1\\2ueYXbYNeۏLQz^N[bNNOS0Se3ufSe]tv^SN,gTTv@b	gQ[TabbTꁔ^bbvCg)RTINR_[0We\\L,gTT0\r\0\r\02ueYXbYNe:N2ueQzۏL	gsQvV{R0T6R\\O0,gTTQz^yvvQ[0]\\Oۏ^N[c0peϑ0N>k0NNT6ee_I{1uDN\0N}f0\r\0\r\0SevW,gCg)RTW,gINR\r\02uevW,gCg)RTW,gINR\r\02ue^9hnc,gTTQz^yvv[E\0TYNevBlcOOSRv^cOvsQvPgeSVGrI{02ueOcOv@b	gDe[te0w[0TlVGrnpf0eW[Pge^:N5uP[ech<h_\r\02uebTYNecOvQ[0DeI{\rN\ZOOrNUO,{	NevCg)RSuOr,{	NeCg)Rv`b_1u2uebbhQ#N0V2ueO(u,gTThv~,{	NN b_c[v1u2ueLbb#N\r\02ueTa,gTTv~{rasT@w2uecCgYNe(We\\L,gTTeSNO(u2uev\rTy0FUh0W\rT0O\ZNh_I{FOdkI{O(u\rN_c[2uev)Rv\r\02ue(WO(u^[bvQze^S_la&{TV[l_ĉ[T>y\ZOlQqQ)Rvyr+R0W^S_%N<hu[\n0{:gOo`Q~VETQ[hQOb{tRl0\n0-NNSNlqQTV{:gOo`Q~VETQ{tfLĉ[0\n0-NNSNlqQTV{:gOo`|~[hQObagO0\n0-NNSNlqQTV5uOagO0\n0hQVN\'Y8^Y\ZOsQN~bNTQ[hQvQ[00\n0NTQOo`\rgR{tRl00\n0NTQ5uP[lQJT\rgR{tĉ[00\n0NTQzNN{v}e\ZNR{tfLĉ[00\n0NTQI{Oo`Q~ OdƉ,Tv{tRl00\n0NTQeS{tfLĉ[0TV[vQN	gsQl_0lĉ0L?eĉz\rN_)R(uQz6R\\O0\rY6R0S^0 OdNUOl_lĉybkv	g[Oo`0Yg2ue)R(u,gTT\rgRۏLv~%;mR\0_V[	gsQ蕄vSbybQv2ue^_	gsQvSbybQ02ue^[ݏS,gagĉ[@b_wvSNuvq_T0TgbbhQ#N\r\0	c,gTT~[	ce/eN9(u\r\02ue^>mNN#NYNeT~0OS2uec>mvT|N:N\Z \0 \0 \0 \0 \0 \0 \0 \0 \0 \0 \0 \0T|e_:N\Z \0 \0 \0 \0 \0 \0 \0 \0 \0 \0 \0 \0 \0 \0 \0 \0 \0 \0 \0 \0 \0 \0 \0 \0 \0 \0 \0 \0 \0 \0 \0 \0 \0 \0 \0 \0 \0 \0 \0 \0 \0 \0 \0 \0 \0 \05u݋05uP[{0M\0S\0N\00Q\0Q\00S\0k\0y\0p\0e\0I{	\r\0Y2ue\0YNecOW\rT\rgR0>enQzv\rgRhVzzb\0YNecOvQN|~oN0b/g/ecI{Se^SL~{rvQNOSۏL~[0\r\0YNevW,gCg)RTINR\r\0	cgq,gTT~[[bQz^]\\OwQSO]\\OTTDN\r\0	cgq,gTTĉ[6eS9(u\r\0SN9hnc2uevBl.^R2ue>NRWTb/gTwQSOvd\\Oe_S9(uI{Q[Se\\SLOSFUv^~{rOSnx\r\0YNe\\>mNN#N2ueT~0OSYNec>mvT|N:N\Z \0 \0 \0 \0 \0 \0 \0 \0 \0 \0 \0 \0T|e_:N\Z \0 \0 \0 \0 \0 \0 \0 \0 \0 \0 \0 \0 \0 \0 \0 \0 \0 \0 \0 \0 \0 \0 \0 \0 \0 \0 \0 \0 \0 \0 \0 \0 \0 \0 \0 \0 \0 \0 \0 \0 \0 \0 \0 \05u݋05uP[{0M\0S\0N\00Q\0Q\00S\0k\0y\0p\0e\0I{	\r\0Qz^v]\\O[bv^6e0R2ue@b/eNvhQ>kyTSeT2uecN]\\Obg0\r\0\r\0,gTTQzyv^[bv^N2ue/eN[khQ>kyT2ueN	gYXbYNeR\\OvhQQuS+TeW[0V;uSvQ~T	vHrCg0\r\0\r\0Se^S_O[(We\\L,gTTǏz-Nwv[eFU\ZNy[0,gTTv~bk0dm0eHe\rN^q_T,gag>k~[vHeR0\r\0\r\0TTvSfNd\r\0TTe\\LǏz-NNUO\0Ne2k[TTgP0yvQ[0]\\Oۏ^09(uI{TTQ[bag>kۏLSfbeEQv^N[eOSFU\0Nv^~{[eEQOSۏLnx[0&TRƉ:N*g\\OSfbeEQSeN^	cgqSTTv~[e\\L0\r\0TTe\\LǏz-NY2ue2kcMRdTTv^cMRe\ZwYNe02uecMRdTTv]/eNv9(u\rNN\0؏0YJ\\e2ue	g]nxv]\\Obg@b[^v9(u*g/eNv2ue؏^NTTdTv7\0eQ\\^N9(u/eN~YNe0YV2ueddTT~YNe bvQN~Nm_c1Yv2ue؏^nc[TP0\r\0YYNeVꁫSV\0cMRdTTv^cMR7\0e\Zw2uev^ԏ؏2ue@b/eNv9(u0\r\0NUO\0Ne(We\\L-NSsb	gnchf[e]~0ck(Wb\\ݏ~SN-Nbke\\L,gTTFO^Se\Zw[e0[e~~\rNe\\L0e\\L\rNS_bݏS,gTT勹eSNd,gTTv^Bl[eTP_c1Y0\r\0eVUOSV[vTTdb~bk[N2ue]nxv]\\Obg@b[^v9(uYNeGW\rNN\0؏Y2ue*g/eNv؏^/eN	0FOVYNeꁫSVcMRdTTvdY0\r\0\r\0\rNSbRS#Nbb\r\0YgQs\rNSbRSe(W,gOS-NvINR(W\rNSbRq_TVSvQc~gQ\\-Nbke\\L0T\\OgPS9hnc-NbkvgP\\Ov^^FO{SeOSFU\0N0NUO\0NeGW\rN\ZOVdkbb#N0\r\0XymS\rNSbRv\0Ne^(W\rNSbRSuT\rNߏNASN1\05\0	e\ZwS\0Nev^cO~	gsQnxv\rNSbRfNbfN^=\\SQ\\\rNSbR@bNuKNq_T0\r\0Yg\rNSbRc~	NAS3\00\0	eN\nNN[,gOSKNe\\LNu͑\'Y\rN)Rq_TRNUO\0NeGWSd,gTT0V\rNSbR[vTTd2ue]/eNv9(u\rNN\0؏0\r\02ue\rN	ce/eNTT9(uvk^g\0N)Y^/eNTT;`ёv5\00 \\O:Nn~ёTeYNe؏	gCg-Nbke\\L,gTTVdk[v]g^I{Tg#N1u2ueLbbNYNeesQ0\r\0NUO\0NeݏS,gTT~[e b_c1Yv^TP_c1Y0(W,gTTvQNag>k[ݏ~	gwQSO~[eNvQ~[0\r\0\r\0N㉳Q\r\0SeS_NN[,gTTvz0ʑ0e\\L0HeRI{SuNv^S}YOSFU㉳QOSFU\rNbvSeTaT,gTT~{[0WSN^wmm:SNllbwɋ0\r\0,gTTv~bk0dm0eHe\rN^q_TMR>k~[vHeR0\r\0\r\0vQN\r\0\0NeSfT|N0\Z0W@WbT|e_v^Se\\SfTvT|N0\Z0W@WbT|e_\ZwS\0Ne&TRSfe^[dk bv\0NRTgbb#N0\r\0,gTTvz0ʑ0e\\L0HeRTNv㉳QI{GW(u-NNSNlqQTVl_0[,gTTvtNʑ^9hncSav^~T,gTTvvۏL0\r\0Yg,gTTNUOag>k9hncsLl_nx[:NeHebel[e,gTTvvQN@b	gag>k\\~~	gHe0dky`QNSe\\N	gHev~[fbc勦~[N	gHe~[^=\\ScяS~[T,gTTv^v|^yT[e0\r\0,gTTDN:N,gTT\rNSRrRv\0NRNTTckewQ	gTI{l_HeRYN,gTTQ[	g\rNTKNYRN,gTTvvsQĉ[:NQ0\r\0,gTT~SecCgNh~{W[v^vz~{ewuHe0\r\0,gTT\0N_$NNSeS_NNTgb\0NNwQ	gTI{l_HeR0\r\0\r\0\r\0\r\0\r\0\r\0\r\0\r\0\r\0\r\02uevzbKbpS	\Z\0YNevzbKbpS	\Z\0\0cCgNNh~{W[\Z \0 \0 \0 \0 \0 \0 \0 \0 \0 \0 \0 \0 \0 \0 \0 \0 \0\0cCgNNh~{W[\Z \0 \0 \0 \0 \0 \0 \0 \0 \0 \0 \0 \0 \0 \0 \0 \0 \0\0\0eg\Z \0 \0 \0 \0 \0 \0 \0 \0 \0 \0 \0 \0 \0t^ \0 \0 \0 \0g \0 \0 \0 \0e\0eg\Z \0 \0 \0 \0 \0 \0 \0 \0 \0 \0 \0 \0 \0t^ \0 \0 \0 \0g \0 \0 \0 \0e\0\05u݋\Z \0 \0 \0 \0 \0 \0 \0 \0 \0 \0 \0 \0 \0 \0 \0 \0 \0 \0 \0 \0 \0 \0 \0 \0 \0 \0 \0\05u݋\Z\0\0[\0,guNNecke]\0\r\0\r\0DN\0N\ZQz^yv]\\Oۏ^N[c0peϑ0N>k0NNT6ee_\r\0\r\0Qz^yvQ[\r\0Qz^yvQ[\ZwQSOSDNN\r\0DNNNPN[Qz^yvvQ[wQSORI{	\\OQ~[YmSvQNQ[bYNevvQNNTS\rgRSe^SL~[0\r\0\r\0TTё0N>k{|WSN>ke_\r\0,gTTё;`\ZNl^ \0 \0 \0 \08\00\00\00\0 \0 \0 \0 \0CQ\'YQ\Z \0 \0 \0 \0LcNWte \0 \0 \0 \0 \0 \0 \0	\r\0N>ke_\Z\r\0,gTT~{T5\0eQ2ueTYNe/eNTTё \0 \0 \0 \02\05\0\0\0\0\0\0\0\0\0\0\0\0\0\0\0\0\0\0\0\0\0\0\0\0\0\0\0\0\r\0\0\0\r\0\0\0\0\0\0\0\0\0\0\0\0\0\0\0\0\0\0\0\0\0\0\0\0\0\0\0\0\0\0\0\0\0\0\0\0\0\0\0\0\0\0\0\0\0\0\0\0\0\0\0\0^`\r\0OJ\0PJ\0o(\0\0,{\0\0ag\0\0\0\0\0\0\0\0\0\0\0\0\0\0\0\0\0\0\0\0\0\0\0\0H^H\\`\\\r\0Ho(\0\0\0.\0\0\0\0\0\0\0\0\0\0\0\0\0\0\0\0\0\0\0\0\0\0\0\0\0^\\`\\\r\0o(\0\0\0)\0\0\0\0\0\0\0\0\0\0\0\0\0\0\0\0\0\0\0\0\0\0\0\0\0\0^\\`\\\r\0\0\0.\0\0\0\0\0\0\0\0\0\0\0\0\0\0\0\0\0\0\0\0\0\0\0\0\04^4\\`\\\r\04\0\0)\0\0\0\0\0\0\0\0\0\0\0\0\0\0\0\0\0\0\0\0\0\0\0\0	^	\\`\\\r\0	\0\0.\0\0\0\0\0\0\0\0\0\0\0\0\0\0\0\0\0\0\0\0\0\0\0\0\0\0|^|\\`\\\r\0|\0\0.\0\0\0\0\0\0\0\0\0\0\0\0\0\0\0\0\0\0\0\0\0\0\0\0\0 \r^ \r\\`\\\r\0 \r\0\0)\0\0\0\0\0\0\0\0\0\0\0\0\0\0\0\0\0\0\0\0\0\0\0\0^\\`\\\r\0\0\0.\0\0\0\0\0\0\0\0\0\0\0\0\0\0\0\0\0\0\0\0\0\0\0\0\0\0H^H\\`\\\r\0H\0\0\0.\0\0\0\0\0\0\0\0\0\0\0\0\0\0\0\0\0\0\0\0\0\0\0\0\0^\\`\\\r\0\0\0)\0\0\0\0\0\0\0\0\0\0\0\0\0\0\0\0\0\0\0\0\0\0\0\0^\\`\\\r\0\0\0.\0\0\0\0\0\0\0\0\0\0\0\0\0\0\0\0\0\0\0\0\0\0\0\0\0\04^4\\`\\\r\04\0\0.\0\0\0\0\0\0\0\0\0\0\0\0\0\0\0\0\0\0\0\0\0\0\0\0\0	^	\\`\\\r\0	\0\0)\0\0\0\0\0\0\0\0\0\0\0\0\0\0\0\0\0\0\0\0\0\0\0\0|^|\\`\\\r\0|\0\0.\0\0\0\0\0\0\0\0\0\0\0\0\0\0\0\0\0\0\0\0\0\0\0\0\0\0 \r^ \r\\`\\\r\0 \r\0\0.\0\0\0\0\0\0\0\0\0\0\0\0\0\0\0\0\0\0\0\0\0\0\0\0\0^\\`\\\r\0\0\0)\0\0\0\0\0\0\0\0\0\0\0\0\0\0\0\0\0\0\0\0\0\0\0\0h^h\\`\\\r\0h\0\0.\0\0\0\0\0\0\0\0\0\0\0\0\0\0\0\0\0\0\0\0\0\0\0\0\0\0H^H\\`\\\r\0H\0\0\0.\0\0\0\0\0\0\0\0\0\0\0\0\0\0\0\0\0\0\0\0\0\0\0\0\0^\\`\\\r\0\0\0)\0\0\0\0\0\0\0\0\0\0\0\0\0\0\0\0\0\0\0\0\0\0\0\0^\\`\\\r\0\0\0.\0\0\0\0\0\0\0\0\0\0\0\0\0\0\0\0\0\0\0\0\0\0\0\0\0\04^4\\`\\\r\04\0\0.\0\0\0\0\0\0\0\0\0\0\0\0\0\0\0\0\0\0\0\0\0\0\0\0\0	^	\\`\\\r\0	\0\0)\0\0\0\0\0\0\0\0\0\0\0\0\0\0\0\0\0\0\0\0\0\0\0\0|^|\\`\\\r\0|\0\0.\0\0\0\0\0\0\0\0\0\0\0\0\0\0\0\0\0\0\0\0\0\0\0\0\0\0 \r^ \r\\`\\\r\0 \r\0\0.\0\0\0\0\0\0\0\0\0\0\0\0\0\0\0\0\0\0\0\0\0\0\0\0\0^\\`\\\r\0\0\0)\0\0\0\0\0\0\0\0\0\0\0\0\0\0\0\0\0\0\0\0\0\0\0\0h^h\\`\\\r\0h\0\0.\0\0\0\0\0\0\0\0\0\0\0\0\0\0\0\0\0\0\0\0\0\0\0\0\0\0H^H\\`\\\r\0H\0\0\0.\0\0\0\0\0\0\0\0\0\0\0\0\0\0\0\0\0\0\0\0\0\0\0\0\0\0^\\`\\\r\0\0\0)\0\0\0\0\0\0\0\0\0\0\0\0\0\0\0\0\0\0\0\0\0\0\0\0^\\`\\\r\0\0\0.\0\0\0\0\0\0\0\0\0\0\0\0\0\0\0\0\0\0\0\0\0\0\0\0\0\04^4\\`\\\r\04\0\0.\0\0\0\0\0\0\0\0\0\0\0\0\0\0\0\0\0\0\0\0\0\0\0\0\0	^	\\`\\\r\0	\0\0)\0\0\0\0\0\0\0\0\0\0\0\0\0\0\0\0\0\0\0\0\0\0\0\0|^|\\`\\\r\0|\0\0.\0\0\0\0\0\0\0\0\0\0\0\0\0\0\0\0\0\0\0\0\0\0\0\0\0\0 \r^ \r\\`\\\r\0 \r\0\0.\0\0\0\0\0\0\0\0\0\0\0\0\0\0\0\0\0\0\0\0\0\0\0\0\0^\\`\\\r\0\0\0)\0\0\0\0\0\0\0\0\0\0\0\0\0\0\0\0\0\0\0\0\0\0\0\0h^h\\`\\\r\0h\0\0.\0\0\0\0\0\0\0\0\0\0\0\0\0\0\0\0\0\0\0\0\0\0\0\0\0\0^\\`\\\r\0\0\0\0)\0\0\0\0\0\0\0\0\0\0\0\0\0\0\0\0\0\0\0\0\0\0\0\0\0^\\`\\\r\0\0\0)\0\0\0\0\0\0\0\0\0\0\0\0\0\0\0\0\0\0\0\0\0\0\0\04^4\\`\\\r\04\0\0.\0\0\0\0\0\0\0\0\0\0\0\0\0\0\0\0\0\0\0\0\0\0\0\0\0\0	^	\\`\\\r\0	\0\0.\0\0\0\0\0\0\0\0\0\0\0\0\0\0\0\0\0\0\0\0\0\0\0\0\0|^|\\`\\\r\0|\0\0)\0\0\0\0\0\0\0\0\0\0\0\0\0\0\0\0\0\0\0\0\0\0\0\0 \r^ \r\\`\\\r\0 \r\0\0.\0\0\0\0\0\0\0\0\0\0\0\0\0\0\0\0\0\0\0\0\0\0\0\0\0\0^\\`\\\r\0\0\0.\0\0\0\0\0\0\0\0\0\0\0\0\0\0\0\0\0\0\0\0\0\0\0\0\0h^h\\`\\\r\0h\0\0)\0\0\0\0\0\0\0\0\0\0\0\0\0\0\0\0\0\0\0\0\0\0\0\0^\\`\\\r\0\0\0.\0\0\0\0\'\0\0\0\0\0\0\0\0\0\0\0\0\0\0\0\0\0\0\0\0\0^\\`\\\r\0\0\0\00\0\0\0\0\0\0\0\0\0\0\0\0\0\0\0\0\0\0\0\0\0\0\0\0H^H\\`\\\r\0H\0\0)\0\0\0\0\0\0\0\0\0\0\0\0\0\0\0\0\0\0\0\0\0\0\0\0^\\`\\\r\0\0\0.\0\0\0\0\0\0\0\0\0\0\0\0\0\0\0\0\0\0\0\0\0\0\0\0\0\0^\\`\\\r\0\0\0.\0\0\0\0\0\0\0\0\0\0\0\0\0\0\0\0\0\0\0\0\0\0\0\0\04^4\\`\\\r\04\0\0)\0\0\0\0\0\0\0\0\0\0\0\0\0\0\0\0\0\0\0\0\0\0\0\0	^	\\`\\\r\0	\0\0.\0\0\0\0\0\0\0\0\0\0\0\0\0\0\0\0\0\0\0\0\0\0\0\0\0\0|^|\\`\\\r\0|\0\0.\0\0\0\0\0\0\0\0\0\0\0\0\0\0\0\0\0\0\0\0\0\0\0\0\0 \r^ \r\\`\\\r\0 \r\0\0)\0\0\0\0\0\0\0\0\0\0\0\0\0\0\0\0\0\0\0\0\0\0\0\0^\\`\\\r\0\0\0.\0\0\0\0\0\0\0\0\0\0\0\0\0\0\0\0\0\0\0\0\0\0\0\0\0\0H^H\\`\\\r\0H\0\0\0.\0\0\0\0\0\0\0\0\0\0\0\0\0\0\0\0\0\0\0\0\0\0\0\0\0^\\`\\\r\0\0\0)\0\0\0\0\0\0\0\0\0\0\0\0\0\0\0\0\0\0\0\0\0\0\0\0^\\`\\\r\0\0\0.\0\0\0\0\0\0\0\0\0\0\0\0\0\0\0\0\0\0\0\0\0\0\0\0\0\04^4\\`\\\r\04\0\0.\0\0\0\0\0\0\0\0\0\0\0\0\0\0\0\0\0\0\0\0\0\0\0\0\0	^	\\`\\\r\0	\0\0)\0\0\0\0\0\0\0\0\0\0\0\0\0\0\0\0\0\0\0\0\0\0\0\0|^|\\`\\\r\0|\0\0.\0\0\0\0\0\0\0\0\0\0\0\0\0\0\0\0\0\0\0\0\0\0\0\0\0\0 \r^ \r\\`\\\r\0 \r\0\0.\0\0\0\0\0\0\0\0\0\0\0\0\0\0\0\0\0\0\0\0\0\0\0\0\0^\\`\\\r\0\0\0)\0\0\0\0\0\0\0\0\0\0\0\0\0\0\0\0\0\0\0\0\0\0\0\0h^h\\`\\\r\0h\0\0.\0\0\0\0\0\0\0\0\0\0\0\0\0\0\0\0\0\0\0\0\0\0\0\0\0\0\0\0\0\0\0\0\0\0\0\0\0\0\0\0\0\0\0\0\0\0\0\0\0\0\r\0\0\0\0\0\0\0\0\0\0\0\0\0\0\0\0\0\0\0\0\0\0\0\0\0\0\0\0\0\0\0\0\0\0\0\0\0\0\0\0\0\0\0\0\0\0\0\0\0\0\0\0\0\0\0\0\0\0\0\0\0\0\0\0\0\0\0\0\0\0\0\0\0\0\0\0\0\0\0\0\0\0\0\0\0\0\0\0\0N\0\0`\0N\0\0\0\0\0\0\0\0\0\0\0\0cke\0\0\0\0\0a$$1$\00\00\0 \0 \0 \0 \0 \0CQ\'YQ\Z \0 \0\r\0 \0 \0 \0 \0 \0 \0 \0 \0 \00N\rOpOWte \0 \0 \0 \0 \0 \0 \0 \0 \0 \0	hQ]\\O[bT2ueTYNe/eNTTё \0 \0 \04\00\00\00\0 \0 \0 \0 \0 \0CQ\'YQ\Z \0 \0 \0 \0 \0 \0 \0 \0 \0 \0NWte \0 \0 \0 \0 \0 \0 \0 \0 \0	bg6eKNT3\0eQ/eNTTYO>ksS \0 \0 \01\05\00\00\0 \0 \0 \0 \0 \0CQ\'YQ\Z \0 \0 \0 \0 \0 \0 \0XN\rOpOWte \0 \0 \0 \0 \0 \0 \0 \0 \0	0\r\0N>ke_\Z(Wv^v%-NR\Z\"	\r\0%sё\r\0%/ehy\r\0%l&0Gl>k\r\0\0_7bL\Z\0\0\0^S\Z\0\0\0(u7b\rT\Z\0\0\0\r\0\0_7bL\Z\0\0\0^S\Z\0\0\0(u7b\rT\Z\0\0\0\r\0]\\Oۏ^S6ee\r\02ue^N,gTT~{[T \0 \0 \0 \0 \0 \0eQ\\Qz^@b\0vPge0VGrcO~YNe\r\0YNe(W6e0R2uecOvPge0VGrS2ue	c,gDNĉ[/eNv>kyTv \0 \0 \0 \0 \0 \0*N]\\OeQYNe[bQzuHegVv6R\\O0QzuHegV6R\\O[bTv \0 \0 \0 \0 \0 \0]\\OeQ2ue[vQۏL6ev^fNbnx\r\0Qzu~2uenxTv \0 \0 \0 \0 \0 \0*N]\\OeQYNe[bhQQz^]\\O0hQQz^]\\O[bTv \0 \0 \0 \0 \0 \0eQ2ue[hQ]\\ObgۏL6ev^fNbnx0\r\0V2ue*g	cecOQz^@b\0Pge0VGrbcOQ[\rN[hQb*g	ce6eI{SV[v]g^#N1u2ueLbbNYNeesQ0\r\02ue(Wĉ[v6eePQ*gfNbnx_N*gcQ_vƉ:N2ue6eT<h0\r\0\r\06ehQS]\\ObgvcN\r\06ehQ\r\0eeW[bQSVGrN2uecOvPge:NhQ	\r\0S+TDNN-NSe@bnxvR0\r\0]\\ObgvcN\ZhQQz^]\\O~2uefNbnxv^N2ue/eN[khQ>kyTYNe\\N~N0xvbC\0D\0-\0R\0O\0M\0ve_NN]\\Obgb\nN O2uec[Q~\rgRhV\nN\r\0]\\ObgcNTYg2ue(WO(uǏz-N\0[]\\ObgۏLO9eYNeS9hnc9eR`QL`O`6eS6R\\O90\r\0\r\0\r\0\r\0\r\0\r\0\r\0\r\0\r\0\r\0\r\0\r\0\r\0[\0,guNNecke]\0\r\0\r\0DNN\ZQz^yvQ[\r\0YmSvQNQ[bYNevvQNNTS\rgRSe^SL~[	\r\0\0N0Q[\r\0	\0%[[iQ\r\0	\0MRz>f:yTSS^ \0 \0 \0 \0 \0 \0 \0 \0 \0 \0 \0 \0 \0 \0 \0 \0 \0 \0 \0 \0 \0 \0 \0 \0 \0 \0 \0 \0 \0 \0 \0 \0 \0 \0 \0 \0 \0 \0 \0 \0 \0 \0 \0 \0 \0 \0 \0 \0 \0 \0 \0 \0 \0 \0 \0 \0 \0 \0 \0 \0 \0 \0 \0 \0 \0 \0 \0 \0\r\0	\0%:ggn\r\0	\0MRz>f:yTSS^ \0 \0 \0 \0 \0 \0 \0 \0 \0 \0 \0 \0 \0 \0 \0 \0 \0 \0 \0 \0 \0 \0 \0 \0 \0 \0 \0 \0 \0 \0 \0 \0 \0 \0 \0 \0 \0 \0 \0 \0 \0 \0 \0 \0 \0 \0 \0 \0 \0 \0 \0 \0 \0 \0 \0 \0 \0 \0 \0 \0 \0 \0 \0 \0 \0 \0 \0 \0\r\0	\0%yxbg\r\0	\0MRz>f:yTSS^ \0 \0 \0 \0 \0 \0 \0 \0 \0 \0 \0 \0 \0 \0 \0 \0 \0 \0 \0 \0 \0 \0 \0 \0 \0 \0 \0 \0 \0 \0 \0 \0 \0 \0 \0 \0 \0 \0 \0 \0 \0 \0 \0 \0 \0 \0 \0 \0 \0 \0 \0 \0 \0 \0 \0 \0 \0 \0 \0 \0 \0 \0 \0 \0 \0 \0 \0 \0\r\0	\0%eR`\r\0	\0MRz>f:yTSS^ \0 \0 \0 \0 \0 \0 \0 \0 \0 \0 \0 \0 \0 \0 \0 \0 \0 \0 \0 \0 \0 \0 \0 \0 \0 \0 \0 \0 \0 \0 \0 \0 \0 \0 \0 \0 \0 \0 \0 \0 \0 \0 \0 \0 \0 \0 \0 \0 \0 \0 \0 \0 \0 \0 \0 \0 \0 \0 \0 \0 \0 \0 \0 \0 \0 \0 \0\r\0	\0%yxV\r\0	\0MRz>f:yTSS^ \0 \0 \0 \0 \0 \0 \0 \0 \0 \0 \0 \0 \0 \0 \0 \0 \0 \0 \0 \0 \0 \0 \0 \0 \0 \0 \0 \0 \0 \0 \0 \0 \0 \0 \0 \0 \0 \0 \0 \0 \0 \0 \0 \0 \0 \0 \0 \0 \0 \0 \0 \0 \0 \0 \0 \0 \0 \0 \0 \0 \0 \0 \0 \0 \0 \0 \0\r\0	\0%f[/gNAm\r\0	\0MRz>f:yTSS^ \0 \0 \0 \0 \0 \0 \0 \0 \0 \0 \0 \0 \0 \0 \0 \0 \0 \0 \0 \0 \0 \0 \0 \0 \0 \0 \0 \0 \0 \0 \0 \0 \0 \0 \0 \0 \0 \0 \0 \0 \0 \0 \0 \0 \0 \0 \0 \0 \0 \0 \0 \0 \0 \0 \0 \0 \0 \0 \0 \0 \0 \0 \0 \0 \0 \0\r\0	\0%\0_>e\r\0	\0MRz>f:yTSS^ \0 \0 \0 \0 \0 \0 \0 \0 \0 \0 \0 \0 \0 \0 \0 \0 \0 \0 \0 \0 \0 \0 \0 \0 \0 \0 \0 \0 \0 \0 \0 \0 \0 \0 \0 \0 \0 \0 \0 \0 \0 \0 \0 \0 \0 \0 \0 \0 \0 \0 \0 \0 \0 \0 \0 \0 \0 \0 \0 \0 \0 \0 \0 \0 \0 \0\r\0	\0%eNN}\r\0	\0MRz>f:yTSS^ \0 \0 \0 \0 \0 \0 \0 \0 \0 \0 \0 \0 \0 \0 \0 \0 \0 \0 \0 \0 \0 \0 \0 \0 \0 \0 \0 \0 \0 \0 \0 \0 \0 \0 \0 \0 \0 \0 \0 \0 \0 \0 \0 \0 \0 \0 \0 \0 \0 \0 \0 \0 \0 \0 \0 \0 \0 \0 \0 \0 \0 \0 \0 \0 \0 \0 \0\r\0 \0 \0 \0 \0%T|bN\r\0	\0MRz>f:yTSS^ \0 \0 \0 \0 \0 \0 \0 \0 \0 \0 \0 \0 \0 \0 \0 \0 \0 \0 \0 \0 \0 \0 \0 \0 \0 \0 \0 \0 \0 \0 \0 \0 \0 \0 \0 \0 \0 \0 \0 \0 \0 \0 \0 \0 \0 \0 \0 \0 \0 \0 \0 \0 \0 \0 \0 \0 \0 \0 \0 \0 \0 \0 \0 \0 \0 \0\r\0 \0 \0 \0 \0%d\"}\r\0	\09hncsQ.W[d\"}e0\Zw \0 \0 \0 \0 \0 \0 \0 \0 \0 \0 \0 \0 \0 \0 \0 \0 \0 \0 \0 \0 \0 \0 \0 \0 \0 \0 \0 \0 \0 \0 \0 \0 \0 \0 \0 \0 \0 \0 \0 \0 \0 \0 \0 \0 \0 \0 \0 \0 \0 \0 \0 \0 \0 \0 \0 \0 \0 \0 \0 \0\r\0\r\0N0ri_\r\0	\0;Nr\Z \0 \0 \0 \0 \0 \0 \0݄r \0 \0 \0 \0 \0 \0 \0 \0	\0	\0	\0	\0	\0Rr\Z \0 \0 \0 \0 \0 \0 \0 \0 \0 \0 \0 \0 \0 \0 \0m݄ \0 \0 \0 \0 \0 \0 \0 \0 \0 \0 \0 \0\r\0	N0vQ[\r\0	\0 \0 \0 \0 \0 \0 \0 \0 \0 \0 \0 \0 \0 \0 \0 \0 \0 \0 \0 \0 \0 \0 \0 \0 \0 \0 \0 \0 \0 \0 \0 \0 \0 \0 \0 \0 \0 \0 \0 \0 \0 \0 \0 \0 \0 \0 \0 \0 \0 \0 \0 \0 \0 \0 \0 \0 \0 \0 \0 \0 \0 \0 \0 \0 \0 \0 \0 \0 \0 \0 \0 \0 \0 \0 \0 \0\r\0	\0	\0\r\0\r\0,{ \0\0 \0P\0A\0G\0E\0 \0\05\0\0 \0u \0qQ \0\0 \0N\0U\0M\0P\0A\0G\0E\0S\0 \0\07\0\0 \0u\r\0\r\0\r\0\r\0\0\0\0\0\0\0\0\0\0\0\0\0\0\0\0\0\0\0\0\0\0\0\0\0\0\0\0\0\0\0\0\0\0\0\0\0\0\0\0\0\0\0\0\0\0\0\0\0\0\0\0\0\0\0\0\0\0\0\0\0\0\0\0\0\0\0\0\0\0\0\0\0\0\0\0\0\0\0\0\0\0\0\0\0\0\0\0\0\0\0\0\0\0\0\0\0\0\0\0\0\0\0\0\0\0\0\0\0\0\0\0\0\0\0\0\0\0\0\0\0\0\0\0\0\0\0\0\0\0\0\0\0\0\0\0\0\0\0\0\0\0\0\0\0\0\0\0\0\0\0\0\0\0\0\0\0\0\0\0\0\0\0\0\0\0\0\0\0\0\0\0\0\0\0\0\0\0\0\0\0\0\0\0\0\0\0\0\0\0\0\0\0\0\0\0\0\0\0\0\0\0\0\0\0\0\0\0\0\0\0\0\0\0\0\0\0\0\0\0\0\0\0\0\0\0\0\0\0\0\0\0\0\0\0\0\0\0\0\0\0\0\0\0\0\0\0\0\0\0\0\0\0\0\0\0\0\0\0\0\0\0\0\0\0\0\0\0\0\0\0\0\0\0\0\0\0\0\0\0\0\0\0\0\0\0\0\0\0\0\0\0\0\0\0\0\0\0\0\0\0\0\0\0\0\0\0\0\0\0\0\0\0\0\0\0\0\0\0\0\0\0\0\0\0\0\0\0\0\0\0\0\0\0\0\0\0\0\0\0\0\0\0\0\0\0\0\0\0\0\0\0\0\0\0\0\0\0\0\0\0\0\0\0\0\0\0\0\0\0\0\0\0\0\0\0\0\0\0\0\0\0\0\0\0\0\0\0\0\0\0\0\Z\0\0`\0\0b\0\0h\0\0\0\0\0\0\0\06	\0\08	\0\0:	\0\0	\0\0	\0\0	\0\0	\0\0	\0\0	\0\0	\0\0\n\0\0\n\0\0D\0\0F\0\0\0\0\0\0ſysmga[UOI\0\0\0\0\0\0\0OJ\0PJ\0o(OJ\0PJ\0o(OJ\0PJ\0o(OJ\0PJ\0o(OJ\0PJ\0o(OJ\0PJ\0o(OJ\0PJ\0o(OJ\0PJ\0o(OJ\0PJ\0o(OJ\0PJ\0o(OJ\0PJ\0o(OJ\0PJ\0o(OJ\0PJ\0o(OJ\0PJ\0o(OJ\0PJ\0o(OJ\0PJ\0o(OJ\0PJ\0o(OJ\0PJ\0o(>*\0OJ\0PJ\0o(>*\0OJ\0PJ\0o(OJ\0PJ\0o(>*\0OJ\0PJ\0o(>*\0OJ\0PJ\0o(OJ\0PJ\0o(CJ$\0OJ\0PJ\0o(aJ$\05\0CJ$\0OJ\0PJ\0o(aJ$\05\0OJ\0PJ\0o(\0\0\0\0\0\0\0\0\0\0\0\0\0\0\0\0\0x\0\0\0\0\0\0\"\0\0$\0\08\0\0:\0\0p\0\0r\0\0\0\0\0\0\0\0\0\0,\0\0D\0\0R\0\0\0\0\0\0\0\0$\0\0&\0\0ſ}uoga[UO\0\0\0\0\0\0\0\0\0\0\0\0\0\0OJ\0PJ\0o(OJ\0PJ\0o(OJ\0PJ\0o(OJ\0PJ\0o(OJ\0PJ\0o(>*\0OJ\0PJ\0o(OJ\0PJ\0o(>*\0OJ\0PJ\0o(OJ\0PJ\0o(OJ\0PJ\0o(OJ\0PJ\0o(OJ\0PJ\0o(OJ\0PJ\0o(OJ\0PJ\0o(OJ\0PJ\0o(OJ\0PJ\0o(OJ\0PJ\0o(OJ\0PJ\0o(OJ\0PJ\0o(OJ\0PJ\0o(OJ\0PJ\0o(>*\0OJ\0PJ\0o(OJ\0PJ\0o(>*\0OJ\0PJ\0o(OJ\0PJ\0o(OJ\0PJ\0o(OJ\0PJ\0o(OJ\0PJ\0o(\0&\0\0(\0\0\0\0\0\0\0\0\0\0\0\0\0\0\0\0\0\0\0\0\0\0\0\0\0\0\0\0\0\0\0\0\0\04\0\06\0\0\0\0\0\0\0\0\0\0\0\0\0\0\0\0B\0\0ý}wqke_YSM\0\0\0\0\0\0\0\0\0\0\0\0\0\0\0OJ\0PJ\0o(OJ\0PJ\0o(OJ\0PJ\0o(OJ\0PJ\0o(OJ\0PJ\0o(OJ\0PJ\0o(OJ\0PJ\0o(OJ\0PJ\0o(OJ\0PJ\0o(OJ\0PJ\0o(OJ\0PJ\0o(mH	sH	nHtHOJ\0PJ\0o(OJ\0PJ\0o(OJ\0PJ\0o(OJ\0PJ\0o(mH	sH	nHtHOJ\0PJ\0o(OJ\0PJ\0o(OJ\0PJ\0o(OJ\0PJ\0o(OJ\0PJ\0o(OJ\0PJ\0o(OJ\0PJ\0o(OJ\0PJ\0o(OJ\0PJ\0o(OJ\0PJ\0o(OJ\0PJ\0o(OJ\0PJ\0o(\0B\0\0D\0\0\0\0\0\0n\0\0p\0\0\0\0\0\0r\0\0t\0\0v\0\0~\0\0\0\0\0\0\0\0\Z\0\0\Z\0\06\Z\0\08\Z\0\0:\Z\0\0>\Z\0\0@\Z\0\0\Z\0\0\Z\0\0D\0\0F\0\0\0\0\0\0\0t\0\0v\0\0ý}wqke_YSM\0\0\0\0\0OJ\0PJ\0o(OJ\0PJ\0o(OJ\0PJ\0o(OJ\0PJ\0o(OJ\0PJ\0o(OJ\0PJ\0o(OJ\0PJ\0o(OJ\0PJ\0o(OJ\0PJ\0o(OJ\0PJ\0o(OJ\0PJ\0o(OJ\0PJ\0o(OJ\0PJ\0o(OJ\0PJ\0o(OJ\0PJ\0o(OJ\0PJ\0o(nHtHOJ\0PJ\0o(OJ\0PJ\0o(OJ\0PJ\0o(OJ\0PJ\0o(OJ\0PJ\0o(OJ\0PJ\0o(OJ\0PJ\0o(OJ\0PJ\0o(OJ\0PJ\0o(OJ\0PJ\0o(OJ\0PJ\0o(OJ\0PJ\0o(OJ\0PJ\0o(\0v\0\0\0\0\0\0\0\0\0\0\0\0\0\0\0\0\0\0\0\0\0\0\0\0\0\0\0\0\0\0\0\0\0\0\0\0\0\0 \0\00\0\0R\0\0T\0\0d\0\0\0\0\0\0ý}ukaYOE\0\0\0\0\0\0\0\0\0OJ\0PJ\0o(aJ\0>*\0OJ\0PJ\0o(aJ\0>*\0OJ\0PJ\0o(aJ\0OJ\0PJ\0o(aJ\0>*\0OJ\0PJ\0o(aJ\0>*\0OJ\0PJ\0o(aJ\0OJ\0PJ\0o(aJ\0OJ\0PJ\0o(aJ\0OJ\0PJ\0o(aJ\0nHtHOJ\0PJ\0o(aJ\0OJ\0PJ\0o(aJ\0OJ\0PJ\0o(aJ\0OJ\0PJ\0o(OJ\0PJ\0o(OJ\0PJ\0o(OJ\0PJ\0o(OJ\0PJ\0o(OJ\0PJ\0o(OJ\0PJ\0o(OJ\0PJ\0o(OJ\0PJ\0o(OJ\0PJ\0o(OJ\0PJ\0o(OJ\0PJ\0o(OJ\0PJ\0o(\0\0\0\0\0\0\0\0\0\0\0\0\0\0\0\0\0\0\0\0\0\0\0\0\0\0\0\0\0\0\0\0\0\0\0\0\08\0\0:\0\0@\0\0D\0\0V\0\0yog]SKA;\0\0\0\0OJ\0PJ\0o(OJ\0PJ\0o(aJ\0>*\0OJ\0PJ\0o(aJ\0OJ\0PJ\0o(aJ\0>*\0OJ\0PJ\0o(aJ\0>*\0OJ\0PJ\0o(aJ\0OJ\0PJ\0o(aJ\0>*\0OJ\0PJ\0o(aJ\0OJ\0PJ\0o(aJ\0>*\0OJ\0PJ\0o(aJ\0OJ\0PJ\0o(aJ\0>*\0OJ\0PJ\0o(aJ\0OJ\0PJ\0o(aJ\0>*\0OJ\0PJ\0o(aJ\0OJ\0PJ\0o(aJ\0>*\0OJ\0PJ\0o(aJ\0OJ\0PJ\0o(aJ\0>*\0OJ\0PJ\0o(aJ\0OJ\0PJ\0o(aJ\0>*\0OJ\0PJ\0o(aJ\0OJ\0PJ\0o(aJ\0>*\0OJ\0PJ\0o(aJ\0\0V\0\0X\0\0Z\0\0\0\0\0\0\0\0\0\0\0\0\0\0\0\0@\0\0B\0\0D\0\0`\0\0b\0\0x\0\0\0\0\0\0\0\0\0\0\0\0\0\0\0\0\0\0\0\0\0\0\0\0ſ{sia[UOE\0\0\0\0OJ\0PJ\0o(nHtHOJ\0PJ\0o(OJ\0PJ\0o(OJ\0PJ\0o(OJ\0PJ\0o(>*\0CJ\0o(\0hnHtH\0OJ\0PJ\0o(>*\0OJ\0PJ\0o(OJ\0PJ\0o(>*\0OJ\0PJ\0o(>*mH	sH	nHtH\0OJ\0PJ\0o(>*\0OJ\0PJ\0o(OJ\0PJ\0o(OJ\0PJ\0o(OJ\0PJ\0o(OJ\0PJ\0o(OJ\0PJ\0o(OJ\0PJ\0o(OJ\0PJ\0o(OJ\0PJ\0o(OJ\0PJ\0o(OJ\0PJ\0o(CJ\0OJ\0PJ\0o(CJ\0OJ\0PJ\0o(OJ\0PJ\0o(OJ\0PJ\0o(\0\Z\0\0\0\0\0\0\0\0\0\0\0\0\0\0 \0\0 \0\0 \0\0 \0\0 \0\0P \0\0\\ \0\0z \0\0 \0\0 \0\0 \0\0 \0\0 \0\0 \0\0 \0\0 \0\0umg_SKE\0\0\0\0\0\0\0\0\0\0\0\0\0\0\0\0\0\0\0\0\0\0\0\0OJ\0PJ\0o(OJ\0PJ\0o(>*\0OJ\0PJ\0o(>*nHtH\0OJ\0PJ\0o(>*\0OJ\0PJ\0o(OJ\0PJ\0o(>*\0OJ\0PJ\0o(>*mH	sH	nHtH\0OJ\0PJ\0o(>*\0OJ\0PJ\0o(nHtHOJ\0PJ\0o(OJ\0PJ\0o(>*\0OJ\0PJ\0o(OJ\0PJ\0o(>*\0OJ\0PJ\0o(OJ\0PJ\0o(>*\0OJ\0PJ\0o(>*mH	sH	nHtH\0OJ\0PJ\0o(>*\0OJ\0PJ\0o(OJ\0PJ\0o(mH	sH	nHtHOJ\0PJ\0o(OJ\0PJ\0o(OJ\0PJ\0o(\0 \0\0 \0\0 \0\0 \0\0 \0\0!\0\0!\0\0$!\0\0&!\0\0<!\0\0@!\0\0B!\0\0b!\0\0d!\0\0l!\0\0n!\0\0v!\0\0x!\0\0!\0\0!\0\0!\0\0!\0\0!\0\0!\0\0!\0\0!\0\0}wqiaYQIA\0OJ\0PJ\0o(aJ\0OJ\0PJ\0o(aJ\0OJ\0PJ\0o(aJ\0OJ\0PJ\0o(aJ\0OJ\0PJ\0o(aJ\0OJ\0PJ\0o(aJ\0OJ\0PJ\0o(OJ\0PJ\0o(OJ\0PJ\0o(OJ\0PJ\0o(OJ\0PJ\0o(OJ\0PJ\0o(OJ\0PJ\0o(OJ\0PJ\0o(OJ\0PJ\0o(OJ\0PJ\0o(OJ\0PJ\0o(>*\0OJ\0PJ\0o(>*nHtH\0OJ\0PJ\0o(>*\0OJ\0PJ\0o(OJ\0PJ\0o(>*\0OJ\0PJ\0o(>*mH	sH	nHtH\0OJ\0PJ\0o(>*\0OJ\0PJ\0o(OJ\0PJ\0o(nHtH\0!\0\0!\0\0!\0\0!\0\0!\0\0!\0\0!\0\0!\0\0!\0\0!\0\0!\0\0!\0\0!\0\0!\0\0!\0\0!\0\0!\0\0\"\0\0\"\0\0<\"\0\0>\"\0\0|\"\0\0\"\0\0\"\0\0\"\0\0\"\0\0\0#\0\0ysmg_YQKE\0\0\0\0OJ\0PJ\0o(OJ\0PJ\0o(OJ\0PJ\0o(>*\0OJ\0PJ\0o(OJ\0PJ\0o(>*\0OJ\0PJ\0o(OJ\0PJ\0o(OJ\0PJ\0o(OJ\0PJ\0o(>*\0OJ\0PJ\0o(OJ\0PJ\0o(OJ\0PJ\0o(OJ\0PJ\0o(OJ\0PJ\0o(aJ\0OJ\0PJ\0o(aJ\0OJ\0PJ\0o(aJ\0OJ\0PJ\0o(aJ\0OJ\0PJ\0o(aJ\0OJ\0PJ\0o(aJ\0OJ\0PJ\0o(aJ\0OJ\0PJ\0o(aJ\0OJ\0PJ\0o(aJ\0OJ\0PJ\0o(OJ\0PJ\0o(aJ\0OJ\0PJ\0o(aJ\0OJ\0PJ\0o(aJ\0\0\Z\0#\0\0#\0\0\"#\0\0`#\0\0l#\0\0#\0\0#\0\0$\0\0$\0\0X$\0\0Z$\0\0\\$\0\0t$\0\0v$\0\0~$\0\0$\0\0$\0\0$\0\0$\0\0$\0\0p%\0\0r%\0\0%\0\0%\0\0%\0\0%\0\0%\0\0%\0\0%\0\0%\0\0ſ}wqke_YSM\0\0\0\0\0OJ\0PJ\0o(OJ\0PJ\0o(OJ\0PJ\0o(OJ\0PJ\0o(OJ\0PJ\0o(OJ\0PJ\0o(OJ\0PJ\0o(OJ\0PJ\0o(OJ\0PJ\0o(OJ\0PJ\0o(OJ\0PJ\0o(OJ\0PJ\0o(OJ\0PJ\0o(OJ\0PJ\0o(OJ\0PJ\0o(OJ\0PJ\0o(OJ\0PJ\0o(OJ\0PJ\0o(OJ\0PJ\0o(OJ\0PJ\0o(OJ\0PJ\0o(OJ\0PJ\0o(OJ\0PJ\0o(OJ\0PJ\0o(OJ\0PJ\0o(OJ\0PJ\0o(>*\0OJ\0PJ\0o(OJ\0PJ\0o(>*\0OJ\0PJ\0o(\0%\0\0%\0\0%\0\0%\0\0%\0\0%\0\0%\0\0\0&\0\0&\0\0&\0\0&\0\0&\0\0V&\0\0X&\0\0`&\0\0b&\0\0d&\0\0f&\0\0p&\0\0r&\0\0t&\0\0&\0\0\'\0\0\'\0\0\'\0\0\'\0\0wkc[SK\0\0\0\0\0\0\0\0\0\0\0\0\0\0\0\0\0\0\0\0\0CJ\0OJ\0PJ\0o(CJ\0OJ\0PJ\0o(CJ\0OJ\0PJ\0o(OJ\0PJ\0o(>*\0OJ\0PJ\0o(>*nHtH\0CJ\0OJ\0PJ\0o(CJ\0OJ\0PJ\0o(CJ\0OJ\0PJ\0o(nHtHCJ\0OJ\0PJ\0o(OJ\0PJ\0o(OJ\0PJ\0o(OJ\0PJ\0o(OJ\0PJ\0o(OJ\0PJ\0o(CJ\0OJ\0PJ\0o(CJ\0OJ\0PJ\0o(OJ\0PJ\0o(OJ\0PJ\0o(OJ\0PJ\0o(OJ\0PJ\0o(OJ\0PJ\0o(OJ\0PJ\0o(OJ\0PJ\0o(OJ\0PJ\0o(OJ\0PJ\0o(\0\'\0\0\'\0\0\'\0\0 \'\0\02\'\0\0\'\0\0\'\0\0\'\0\0\'\0\0\'\0\0\'\0\0\'\0\0\'\0\0f(\0\0h(\0\0j(\0\0l(\0\0t(\0\0v(\0\0x(\0\0(\0\0)\0\0)\0\0yqe[UIA9OJ\0PJ\0o(>*\0OJ\0PJ\0o(>*\0OJ\0PJ\0o(>*nHtH\0OJ\0PJ\0o(CJ\0OJ\0PJ\0o(>*\0CJ\0OJ\0PJ\0o(nHtHCJ\0OJ\0PJ\0o(OJ\0PJ\0o(CJ\0OJ\0PJ\0o(5\0OJ\0PJ\0o(>*\0OJ\0PJ\0o(>*nHtH\0CJ\0OJ\0PJ\0o(CJ\0OJ\0PJ\0o(CJ\0OJ\0PJ\0o(nHtHCJ\0OJ\0PJ\0o(OJ\0PJ\0o(CJ\0OJ\0PJ\0o(OJ\0PJ\0o(>*\0OJ\0PJ\0o(>*nHtH\0CJ\0OJ\0PJ\0o(CJ\0OJ\0PJ\0o(CJ\0OJ\0PJ\0o(nHtH\0)\0\0)\0\0)\0\0)\0\0 )\0\0\")\0\04)\0\0)\0\0)\0\0)\0\0)\0\0)\0\0)\0\0)\0\0)\0\0b*\0\0d*\0\0f*\0\0h*\0\0p*\0\0r*\0\0t*\0\0*\0\0{smeYOI=\0\0\0\0\0\0\0\0OJ\0PJ\0o(>*nHtH\0OJ\0PJ\0o(CJ\0OJ\0PJ\0o(>*\0CJ\0OJ\0PJ\0o(nHtHCJ\0OJ\0PJ\0o(OJ\0PJ\0o(OJ\0PJ\0o(>*\0OJ\0PJ\0o(>*\0OJ\0PJ\0o(>*nHtH\0OJ\0PJ\0o(CJ\0OJ\0PJ\0o(>*\0CJ\0OJ\0PJ\0o(nHtHCJ\0OJ\0PJ\0o(OJ\0PJ\0o(OJ\0PJ\0o(>*\0OJ\0PJ\0o(>*\0OJ\0PJ\0o(>*nHtH\0OJ\0PJ\0o(CJ\0OJ\0PJ\0o(>*\0CJ\0OJ\0PJ\0o(nHtHCJ\0OJ\0PJ\0o(OJ\0PJ\0o(\0*\0\0\n+\0\0+\0\0+\0\0+\0\0+\0\0\Z+\0\0+\0\0.+\0\0+\0\0+\0\0+\0\0+\0\0+\0\0+\0\0+\0\0+\0\0b,\0\0d,\0\0l,\0\0n,\0\0Ź{uiaYIA\0\0\0\0\0\0\0\0\0\0\0\0\0\0\0\0\0\0\0\0\0\0\0\0\0\0CJ\0OJ\0PJ\0o(CJ\0OJ\0PJ\0o(mH	sH	nHtHOJ\0PJ\0o(>*\0OJ\0PJ\0o(>*\0OJ\0PJ\0o(>*nHtH\0OJ\0PJ\0o(CJ\0OJ\0PJ\0o(>*\0CJ\0OJ\0PJ\0o(nHtHCJ\0OJ\0PJ\0o(CJ\0OJ\0PJ\0o(mH	sH	nHtHOJ\0PJ\0o(>*\0OJ\0PJ\0o(>*\0OJ\0PJ\0o(>*nHtH\0OJ\0PJ\0o(CJ\0OJ\0PJ\0o(>*\0CJ\0OJ\0PJ\0o(nHtHCJ\0OJ\0PJ\0o(OJ\0PJ\0o(OJ\0PJ\0o(>*\0OJ\0PJ\0o(>*\0\0n,\0\0r,\0\0t,\0\0v,\0\0,\0\0-\0\0-\0\0\n-\0\0-\0\0-\0\0-\0\0-\0\0*-\0\0.-\0\0>-\0\0@-\0\0B-\0\0D-\0\0F-\0\0H-\0\0J-\0\0R-\0\0p-\0\0t-\0\0-\0\0ǿysmgaYME\0\0\0\0\0\0\0\0\0\0\0\0\0\0OJ\0PJ\0o(>*\0OJ\0PJ\0o(>*nHtH\0OJ\0PJ\0o(>*\0OJ\0PJ\0o(OJ\0PJ\0o(OJ\0PJ\0o(OJ\0PJ\0o(OJ\0PJ\0o(OJ\0PJ\0o(OJ\0PJ\0o(OJ\0PJ\0o(>*\0OJ\0PJ\0o(>*nHtH\0OJ\0PJ\0o(>*\0OJ\0PJ\0o(OJ\0PJ\0o(OJ\0PJ\0o(OJ\0PJ\0o(OJ\0PJ\0o(>*\0OJ\0PJ\0o(>*\0OJ\0PJ\0o(>*\0OJ\0PJ\0o(>*nHtH\0OJ\0PJ\0o(CJ\0OJ\0PJ\0o(>*\0CJ\0OJ\0PJ\0o(nHtH\0-\0\0-\0\0-\0\0-\0\0-\0\00.\0\02.\0\04.\0\06.\0\0:.\0\0>.\0\0@.\0\0L.\0\0N.\0\0P.\0\0R.\0\0\\.\0\0^.\0\0r.\0\0t.\0\0v.\0\0x.\0\0\0wkaUD8\0\0\0OJ\0PJ\0o(aJ\0KH\0\0U\0 OJ\0PJ\0aJ\0KH\0\0mH\0sH\0nH\0tH\0\0UOJ\0PJ\0o(aJ\0KH\0\0\0OJ\0PJ\0o(aJ\0KH\0\0OJ\0PJ\0o(aJ\0KH\0\0U\0OJ\0PJ\0o(aJ\0KH\0\0OJ\0PJ\0o(aJ\0KH\0\0U\0 OJ\0PJ\0aJ\0KH\0\0mH\0sH\0nH\0tH\0\0UOJ\0PJ\0o(aJ\0KH\0\0\0OJ\0PJ\0o(aJ\0KH\0\0OJ\0PJ\0o(aJ\0KH\0\0U\0OJ\0PJ\0o(aJ\0KH\0\0\0\0OJ	\0PJ	\0o(OJ	\0PJ	\0o(OJ\0PJ\0o(OJ\0PJ\0o(>*\0OJ\0PJ\0o(OJ\0PJ\0o(OJ\0PJ\0o(OJ\0PJ\0o(>*\0\0x.\0\0|.\0\0.\0\0.\0\0\0\0\0\0\0\0\0\0\0\0\0\0\0\0\0\0\0\0\0\0\0\0\0\0\0\0\0\0\0\0\0\0\0\0\0\0\0\0\0\0\0\0\0\0\0\0\0\0\0\0\0\0\0\0\0\0\0\0\0\0\0\0\0\0\0\0\0\0\0\0\0\0\0\0\0\0\0\0\0\0\0\0\0\0\0\0\0\0\0\0\0\0\0\0\0\0\0\0\0\0\0\0\0\0\0\0\0\0\0\0\0\0\0\0\0\0\0\0\0\0\0\0\0\0\0\0\0\0\0\0\0\0\0\0\0\0\0\0\0\0\0\0\0\0\0\0\0\0\0\0\0\0\0\0\0\0\0\0\0\0\0\0\0\0\0\0\0\0\0\0\0\0\0\0\0\0\0\0\0\0\0\0\0\0\0\0\0\0\0\0\0\0\0\0\0\0\0\0\0\0\0\0\0\0\0\0\0\0\0\0\0\0\0\0\0\0\0\0\0\0\0\0\0\0\0\0\0\0\0\0\0\0\0\0\0\0\0\0\0\0\0\0\0\0\0\0\0\0\0\0\0\0\0\0\0\0\0\0\0\0\0\0\0\0\0\0\0\0\0\0\0\0\0\0\0\0\0\0\0\0\0\0\0\0\0\0\0\0\0\0\0\0\0\0\0\0\0\0\0\0\0\0\0\0\0\0\0\0\0\0\0\0\0\0\0\0\0\0\0\0\0\0\0\0\0\0\0\0\0\0\0\0\0\0\0\0\0\0\0\0\0\0\0\0\0\0\0\0\0\0\0\0\0\0\0\0\0\0\0\0\0\0\0\0\0\0\0\0\0\0\0\0\0\0\0\0\0\0\0\0\0\0\0\0\0\0\0\0\0\0\0\0\0\0\0\0\0\0\0\0\0\0\0\0\0\0\0\0\0\0\0\0\0\0\0\0\0\0\0\0\0\0\0\0\0\0\0\0\0\0\0\0\0\0\0\0\0\0\0\0\0\0\0\0\0\0\0OJ\0PJ\0o(OJ\0PJ\0o(OJ\0PJ\0o(aJ\0KH\0\0\0\0\0\0\0\0\0\0\0\0b\0\0\0\08	\0\0:	\0\0	\0\0	\0\0	\0\0	\0\0\n\0\0F\0\0\0\0\0\0\0\0\0\0\0\0\0\0\0\0\0\0\0\0\0\0\0\0\0\0\0\0\0\0\0\0\0\0\0\0\0\0\0\0\0\0\0\0\0\0\0\0\0\0\0\0\0\0\0\0\0\0\0\0\0\0\0\0\0\0\0\0\0\0\0\0\0\0\0\0\0\0\0\0\0\0\0\0\0\0\0\0\0\0\0\0\0\0\0\0\0\0\0\0\0\0\0\0\0\0\0\0\0\0\0\0\0\0\0\0\0\0\0\0\0\0\0\0\0\0\0\0\0\0\0\0\0\0\0\0\0\0\0\0\0\0\0\0\0\0\0\0\0\0\0\0\0\0\0\0\0\0\0\0\0\0\0\0\0\0\0\0\0\0\0\0\0\0\0\0\0\0\0\0\0\0\0\0\0\0\0\0\0\0\0\0\0\0\0\0\0\0\0\0\0\0\0\0\0\0\0\0\0\0\0\0\0\0\0\0\0\0\0\0\0\0\n&F\0dh\0\0\0\n&F\0dh\0\0\0\n&F\0dh\0\0\0\n&F\0dh\0\0\0\n&F\0dh\0\0\0\n&F\0dh\0\0\0\n&\0F\0dh\0\0\0\0dh\0\0\0\n&\0F\0dh\0\0\0\0dh\0\0\0\0dh\0\0\0\0dh\0\0\0\0dh\0\0\0\0dh\0\0\0\0dh\0a$$\0\0\0dh\0\0\0\0\0\0$\0\0:\0\0r\0\0\0\0\0\0\0\0&\0\0(\0\0\0\0\0\0\0\0\0\0\0\0\0\0\0\0\0\0\0\0\0\0\0\0\0\0\0\0\0\0\0\0\0\0\0\0\0\0\0\0\0\0\0\0\0\0\0\0\0\0\0\0\0\0\0\0\0\0\0\0\0\0\0\0\0\0\0\0\0\0\0\0\0\0\0\0\0\0\0\0\0\0\0\0\0\0\0\0\0\0\0\0\0\0\0\0\0\0\0\0\0\0\0\0\0\0\0\0\0\0\0\0\0\0\0\0\0\0\0\0\0\0\0\0\0\0\0\0\0\0\0\0\0\0\0\0\0\0\0\0\0\0\0\0\0\0\0\0\0\0\0\0\0\0\0\0\0\0\0\0\0\0\0\0\0\0\0\0\0\0\0\0\0\0\0\0\0\0\0\0\0\0\0\0\0\0\0\0\0\0\0\0\0\0\0\0\0\0\0\0\0\0\0\0\0\0\0\0\0\0\0\0\0\0\0\0\0\0\0\0\0\0\0\0\0\n&F\0dh\0\0\0\n&\0F\0dh\0\0\0\0dh\0\0\0\n&\0F\0dh\0\0\0\0dh\0\0\0\n&\0F\0dh\0\0\0\0dh\0\0\0\n&F\0dh\0\0\0\n&F\0dh\0\0\0\n&F\0dh\0\0\0\n&F\0dh\0\0\0\n&F\0dh\0\0\0\n&F\0dh\0\0\0\n&F\0dh\0\0\0\n&F\0dh\0\0\0\0\0\06\0\0\0\0\0\0\0\0\0\0D\0\0\0\0p\0\0\0\0t\0\0v\0\0\0\0\Z\0\08\Z\0\0\0\0\0\0\0\0\0\0\0\0\0\0\0\0\0\0\0\0\0\0\0\0\0\0\0\0\0\0\0\0\0\0\0\0\0\0\0\0\0\0\0\0\0\0\0\0\0\0\0\0\0\0\0\0\0\0\0\0\0\0\0\0\0\0\0\0\0\0\0\0\0\0\0\0\0\0\0\0\0\0\0\0\0\0\0\0\0\0\0\0\0\0\0\0\0\0\0\0\0\0\0\0\0\0\0\0\0\0\0\0\0\0\0\0\0\0\0\0\0\0\0\0\0\0\0\0\0\0\0\0\0\0\0\0\0\0\0\0\0\0\0\0\0\0\0\0\0\0\0\0\0\0\0\0\0\0\0\0\0\0\0\0\0\0\0\0\0\0\0\0\0\0\0\0\0\0\0\0\0\0\0\0\0\0\0\0\0\0\0\0\0\0\0\0\0\0\0\0\0\0\0\0\0\0\0\n&F\0dh\0\0\0\n&F\0dh\0\0\0\n&\0F\0dh\0\0\0\0dh\0\0\0\n&F\0dh\0\0\0\n&F\0dh\0\0\0\n&F\0dh\0\0\0\n&F\0dh\0\0\0\n&F\0dh\0\0\0\n&\0F\0dh\0\0\0\0dh\0\0\0\n&F\0dh\0\0\0\n&F\0dh\0\0\0\n&F\0dh\0\0\0\n&F\0dh\0\08\Z\0\0:\Z\0\0@\Z\0\0\Z\0\0F\0\0\0\0\0v\0\0\0\0\0\0\0\0\0\0\0\0\0\0\0\0\0\0\0\0\0\0\0\0\0\0\0\0\0\0\0\0\0\0\0\0\0\0\0\0\0\0\0\0\0\0\0\0\0\0\0\0\0\0\0\0\0\0\0\0\0\0\0\0\0\0\0\0\0\0\0\0\0\0\0\0\0\0\0\0\0\0\0\0\0\0\0\0\0\0\0\0\0\0\0\0\0\0\0\0\0\0\0\0\0\0\0\0\0\0\0\0\0\0\0\0\0\0\0\0\0\0\0\0\0\0\0\0\0\0\0\0\0\0\0\0\0\0\0\0\0\0\0\0\0\0\0\0\0\0\0\0\0\0\0\0\0\0\0\0\0\0\0\0\0\0\0\0\0\0\0\0\0\0\0\0\0\0\0\0\0\0\0\0\0\0\0\0\0\0\0\0\0\0\0\0\0\0\0\0\0\0\0\0\0\0\0\0\0\0\0\0\0\0\0\0\0\0\0\0\0\0\0\0\0\0\0\0\0\0\0\0\0\0\0\0dh\0\0\0\0dh\0\0\0\0dh\0\0\0\0dh\0\0\0\0dh\0\0\0\0dh\0\0\0\0dh\0\0\0\0dh\0\0\0\0dh\0\0\0\n&F\0dh\0\0\0\n&F\0dh\0\0\0\n&F\0dh\0\0\0\n&F\0dh\0\0\0\n&F\0dh\0\0\0\n&F\0dh\0\0\0\n&\0F\0dh\0\0\0\0dh\0\0\0\0\0\0\0\0 \0\0T\0\0\0\0\0\0\0\0\0\0\0\0\0\0\0\0\0\0\0\0\0\0\0\0\0\0\0\0s\0\0\0\0\0\0\0\0\0\0\0\0j\0\0\0\0\0\0\0\0\0\0\0\0a\0\0\0\0\0\0\0\0\0\0\0\0\0\0\0\0\0\0\0\0\0\0\0\0\0\0\0\0\0\0\0\0\0\0\0\0\0\0\0\0\0\0\0\0\0\0\0\0\0\0\0\0\0\0\0\0\0\0\0\0\0\0\0\0\0\0\0\0\0\0\0\0\0\0\0\0\0\0\0\0\0\0\0\0\0\0\0\0\0\0\0\0\0\0\0\0\0\0\0\0\0\0\0\0\0\0\0\0\0\0\0\0\0\0\0\0\0	\0\0dh\0$If\0\0\0	\0\0dh\0$If\0\0\0\0y\0\0$$If\0\0\0\0\04\0\0\04\0l\04\0\0\04\0l\0\0\0\0\0\0\0\0\0\0\0\0\0\0\0\0\0\0\0\0\0\0\0\0\00\0\0\0\0\0\0\0\0\0\0\0\0\0\0\0\0\0\0\0\0\0\0\0\0\0\0\0\0\0\0\0\0\0\0\0\0\0\0\0\0\0\0\0\00\0H \0\0\0\0\0\0\0\0\0\0\0\0\0\0\0\0\0\0\0\0\0\0\0\0\0\0\0\0\0\0\0\0\0\0\0\0\0\0\0\0\Z\0\0\0\0\0\0\0\0\0\0\0\0\0\0\0\0\0\0\0\0\0\0\0\0\0\0	\0\0dh\0$If\0\0\0	\0\0dh\0$If\0\0\0\0\0\0\0\0\0\0\0\0\0\0\0\0\0\0\0\0\0\0\0\0|\0\0\0\0\0\0\0\0\0\0\0\0s\0\0\0\0\0\0\0\0\0\0\0\0\0\0\0\0\0\0\0\0\0\0\0\0\0\0\0\0\0\0\0\0\0\0\0\0\0\0\0\0\0\0\0\0\0\0\0\0\0\0\0\0\0\0\0\0\0\0\0\0\0\0\0\0\0\0\0\0\0\0\0\0\0\0\0\0\0\0\0\0\0\0\0\0\0\0\0\0\0\0\0\0\0\0\0\0\0\0\0\0\0\0\0\0\0\0\0\0\0\0\0\0\0\0\0\0\0\0\0\0\0\0\0\0\0\0\0\0\0\0\0\0\0\0\0\0\0\0\0\0\0\0\0\0\0\0\0\0\0\0\0\0\0\0\0\0\0\0\0\0\0\0\0\0\0\0\0\0\0\0\0\0\0\0\0\0\0\0\0\0\0\0\0\0\0\0\0	\0\0dh\0$If\0\0\0	\0\0dh\0$If\0\0\0\0y\0\0$$If\0\0\0\0\04\0\0\04\0l\04\0\0\04\0l\0\0\0\0\0\0\0\0\0\0\0\0\0\0\0\0\0\0\0\0\0\0\0\0\00\0\0\0\0\0\0\0\0\0\0\0\0\0\0\0\0\0\0\0\0\0\0\0\0\0\0\0\0\0\0\0\0\0\0\0\0\0\0\0\0\0\0\0\00\0H \0\0\0\0\0\0\0\0\0\0\0\0\0\0\0\0\0\0\0\0\0\0\0\0\0\0\0\0\0\0\0\0\0\0\0\0\0\0\0\0\Z\0\0\0\0\0\0\0\0\0\0\0\0\0\0\0\0\0\0\0\0\0\0\0\0\0\0\0\0\0\0\0:\0\0B\0\0\0\0\0\0\0\0\0\0\0\0\0\0|\0\0\0\0\0\0\0\0\0\0\0\0s\0\0\0\0\0\0\0\0\0\0\0\0\0\0\0\0\0\0\0\0\0\0\0\0\0\0\0\0\0\0\0\0\0\0\0\0\0\0\0\0\0\0\0\0\0\0\0\0\0\0\0\0\0\0\0\0\0\0\0\0\0\0\0\0\0\0\0\0\0\0\0\0\0\0\0\0\0\0\0\0\0\0\0\0\0\0\0\0\0\0\0\0\0\0\0\0\0\0\0\0\0\0\0\0\0\0\0\0\0\0\0\0\0\0\0\0\0\0\0\0\0\0\0\0\0\0\0\0\0\0\0\0\0\0\0\0\0\0\0\0\0\0\0\0\0\0\0\0\0\0\0\0\0\0\0\0\0\0\0\0\0\0\0\0\0\0\0\0\0\0\0\0\0\0\0\0\0\0\0\0\0\0\0\0\0\0\0	\0\0dh\0$If\0\0\0	\0\0dh\0$If\0\0\0\0y\0\0$$If\0\0\0\0\04\0\0\04\0l\04\0\0\04\0l\0\0\0\0\0\0\0\0\0\0\0\0\0\0\0\0\0\0\0\0\0\0\0\0\00\0\0\0\0\0\0\0\0\0\0\0\0\0\0\0\0\0\0\0\0\0\0\0\0\0\0\0\0\0\0\0\0\0\0\0\0\0\0\0\0\0\0\0\00\0H \0\0\0\0\0\0\0\0\0\0\0\0\0\0\0\0\0\0\0\0\0\0\0\0\0\0\0\0\0\0\0\0\0\0\0\0\0\0\0\0\Z\0\0\0\0\0\0\0\0\0\0\0\0\0\0\0\0\0\0\0\0\0\0\0\0\0\0\0B\0\0D\0\0X\0\0Z\0\0\0\0\0\0\0\0\0\0B\0\0\0\0\0\0\0\0\0\0\0\0\0\0}\0\0\0\0\0\0\0\0\0\0\0\0x\0\0\0\0\0\0\0\0\0\0\0\0p\0\0\0\0\0\0\0\0\0\0\0\0k\0\0\0\0\0\0\0\0\0\0\0\0c\0\0\0\0\0\0\0\0\0\0\0\0[\0\0\0\0\0\0\0\0\0\0\0\0S\0\0\0\0\0\0\0\0\0\0\0\0\0\0\0\0\0\0\0\0\0\0\0\0\0\0\0\0\0\0\0\0\0\0\0\0\0\0\0\0\n&\0F\0dh\0\0\0\n&\0F\0dh\0\0\0\n&\0F\0dh\0\0\0\0dh\0\0\0\0dh\0a$$\0\0\0dh\0\0\0\0dh\0a$$\0y\0\0$$If\0\0\0\0\04\0\0\04\0l\04\0\0\04\0l\0\0\0\0\0\0\0\0\0\0\0\0\0\0\0\0\0\0\0\0\0\0\0\0\00\0\0\0\0\0\0\0\0\0\0\0\0\0\0\0\0\0\0\0\0\0\0\0\0\0\0\0\0\0\0\0\0\0\0\0\0\0\0\0\0\0\0\0\00\0H \0\0\0\0\0\0\0\0\0\0\0\0\0\0\0\0\0\0\0\0\0\0\0\0\0\0\0\0\0\0\0\0\0\0\0\0\0\0\0\0\Z\0\0\0\0\0\0\0\0\0\0\0\0\0\0\0\0\0\0\0\0\0\0\0\0\0\0\0B\0\0D\0\0b\0\0\0\0\0\0 \0\0B!\0\0d!\0\0n!\0\0x!\0\0!\0\0!\0\0!\0\0\0\0\0\0\0\0\0\0\0\0\0\0\0\0\0\0\0\0\0\0\0\0\0\0\0\0\0\0\0\0\0\0\0\0\0\0\0\0\0\0\0\0\0\0\0\0\0\0\0\0\0\0\0\0\0\0\0\0\0\0\0\0\0\0\0\0\0\0\0\0\0\0\0\0\0\0\0\0\0\0\0\0\0\0\0\0\0\0\0\0\0\0\0\0\0\0\0\0\0\0\0\0\0\0\0\0\0\0\0\0\0\0\0\0\0\0\0\0\0\0\0\0\0\0\0\0\0\0\0\0\0\0\0\0\0\0\0\0\0\0\0\0\0\0\0\0\0\0\0\0\0\0\0\0\0\0\0\0\0\0\0\0\0\0\0\0\0\0\0\0\0\0\0\0\0\0\0\0\0\0\0\0\0\0\0\0\0\0\0\0\0\0\0\0\0\0\0\0\0\0\0\0\0\0\0\0\0\0\0\0\0\0\0\0\0\0\0\0\0\0\0\0\0\0\0\0	\0\0dh\0$If\0\0\0\0\0dh\0a$$$If\0\0\0\0\0\n&F\0dh\0\0\0\n&F\0dh\0\0\0\n&F\0dh\0\0\0\n&\0F\0dh\0\0\0\n&\0F\0\0dh\0VD\0\0H^H\0\0\n&\0F\0\0dh\0VD\0\0H^H\0\0\n&\0F\0dh\0\0\0\n&\0F\0dh\0\0\0\n&\0F\0dh\0\0\0\0dh\0\0!\0\0!\0\0!\0\0!\0\0\0\0\0\0\0\0\0\0\0\0\0\0y\0\0\0\0\0\0\0\0\0\0\0\0p\0\0\0\0\0\0\0\0\0\0\0\0\0\0\0\0\0\0\0\0\0\0\0\0\0\0\0\0\0\0\0\0\0\0\0\0\0\0\0\0\0\0\0\0\0\0\0\0\0\0\0\0\0\0\0\0\0\0\0\0\0\0\0\0\0\0\0\0\0\0\0\0\0\0\0\0\0\0\0\0\0\0\0\0\0\0\0\0\0\0\0\0\0\0\0\0\0\0\0\0\0\0\0\0\0\0\0\0\0\0\0\0\0\0\0\0\0\0\0\0\0\0\0\0\0\0\0\0\0\0\0\0\0\0\0\0\0\0\0\0\0\0\0\0\0\0\0\0\0\0\0\0\0\0\0\0\0\0\0\0\0\0\0\0\0\0\0\0\0\0\0\0\0\0\0\0\0\0\0\0\0	\0\0dh\0$If\0\0\0\0\0dh\0a$$$If\0\0\0\0y\0\0$$If\0\0\0\0\04\0\0\04\0l\04\0\0\04\0l\0\0\0\0\0\0\0\0\0\0\0\0\0\0\0\0\0\0\0\0\0\0\0\0\00\0\0\0\0\0\0\0\0\0\0\0\0\0\0\0\0\0\0\0\0\0\0\0\0\0\0\0\0\0\0\0\0\0\0\0\0\0\0\0\0\0\0\0\00\0$	 \0\0\0\0\0\0\0\0\0\0\0\0\0\0\0\0\0\0\0\0\0\0\0\0\0\0\0\0\0\0\0\0\0\0\0\0\0\0\0\0\Z\0\0\0\0\0\0\0\0\0\0\0\0\0\0\0\0\0\0\0\0\0\0\0\0\0\0\0!\0\0!\0\0!\0\0!\0\0\0\0\0\0\0\0\0\0\0\0\0\0y\0\0\0\0\0\0\0\0\0\0\0\0p\0\0\0\0\0\0\0\0\0\0\0\0\0\0\0\0\0\0\0\0\0\0\0\0\0\0\0\0\0\0\0\0\0\0\0\0\0\0\0\0\0\0\0\0\0\0\0\0\0\0\0\0\0\0\0\0\0\0\0\0\0\0\0\0\0\0\0\0\0\0\0\0\0\0\0\0\0\0\0\0\0\0\0\0\0\0\0\0\0\0\0\0\0\0\0\0\0\0\0\0\0\0\0\0\0\0\0\0\0\0\0\0\0\0\0\0\0\0\0\0\0\0\0\0\0\0\0\0\0\0\0\0\0\0\0\0\0\0\0\0\0\0\0\0\0\0\0\0\0\0\0\0\0\0\0\0\0\0\0\0\0\0\0\0\0\0\0\0\0\0\0\0\0\0\0\0\0\0\0\0\0	\0\0dh\0$If\0\0\0\0\0dh\0a$$$If\0\0\0\0y\0\0$$If\0\0\0\0\04\0\0\04\0l\04\0\0\04\0l\0\0\0\0\0\0\0\0\0\0\0\0\0\0\0\0\0\0\0\0\0\0\0\0\00\0\0\0\0\0\0\0\0\0\0\0\0\0\0\0\0\0\0\0\0\0\0\0\0\0\0\0\0\0\0\0\0\0\0\0\0\0\0\0\0\0\0\0\00\0$	 \0\0\0\0\0\0\0\0\0\0\0\0\0\0\0\0\0\0\0\0\0\0\0\0\0\0\0\0\0\0\0\0\0\0\0\0\0\0\0\0\Z\0\0\0\0\0\0\0\0\0\0\0\0\0\0\0\0\0\0\0\0\0\0\0\0\0\0\0!\0\0!\0\0!\0\0!\0\0!\0\0\0\0\0\0\0\0\0\0\0\0\0\0\0\0\0\0\0\0\0\0\0\0\0\0t\0\0\0\0\0\0\0\0\0\0\0\0k\0\0\0\0\0\0\0\0\0\0\0\0\0\0\0\0\0\0\0\0\0\0\0\0\0\0\0\0\0\0\0\0\0\0\0\0\0\0\0\0\0\0\0\0\0\0\0\0\0\0\0\0\0\0\0\0\0\0\0\0\0\0\0\0\0\0\0\0\0\0\0\0\0\0\0\0\0\0\0\0\0\0\0\0\0\0\0\0\0\0\0\0\0\0\0\0\0\0\0\0\0\0\0\0\0\0\0\0\0\0\0\0\0\0\0\0\0\0\0\0\0\0\0\0\0\0\0\0\0\0\0\0\0\0\0\0\0\0\0\0\0\0\0\0\0\0\0\0\0\0\0\0\0\0	\0\0dh\0$If\0\0\0\0\0dh\0a$$$If\0\0\0\0\0\0dh\0\0y\0\0$$If\0\0\0\0\04\0\0\04\0l\04\0\0\04\0l\0\0\0\0\0\0\0\0\0\0\0\0\0\0\0\0\0\0\0\0\0\0\0\0\00\0\0\0\0\0\0\0\0\0\0\0\0\0\0\0\0\0\0\0\0\0\0\0\0\0\0\0\0\0\0\0\0\0\0\0\0\0\0\0\0\0\0\0\00\0$	 \0\0\0\0\0\0\0\0\0\0\0\0\0\0\0\0\0\0\0\0\0\0\0\0\0\0\0\0\0\0\0\0\0\0\0\0\0\0\0\0\Z\0\0\0\0\0\0\0\0\0\0\0\0\0\0\0\0\0\0\0\0\0\0\0\0\0\0\0!\0\0!\0\0!\0\0!\0\0\0\0\0\0\0\0\0\0\0\0\0\0y\0\0\0\0\0\0\0\0\0\0\0\0p\0\0\0\0\0\0\0\0\0\0\0\0\0\0\0\0\0\0\0\0\0\0\0\0\0\0\0\0\0\0\0\0\0\0\0\0\0\0\0\0\0\0\0\0\0\0\0\0\0\0\0\0\0\0\0\0\0\0\0\0\0\0\0\0\0\0\0\0\0\0\0\0\0\0\0\0\0\0\0\0\0\0\0\0\0\0\0\0\0\0\0\0\0\0\0\0\0\0\0\0\0\0\0\0\0\0\0\0\0\0\0\0\0\0\0\0\0\0\0\0\0\0\0\0\0\0\0\0\0\0\0\0\0\0\0\0\0\0\0\0\0\0\0\0\0\0\0\0\0\0\0\0\0\0\0\0\0\0\0\0\0\0\0\0\0\0\0\0\0\0\0\0\0\0\0\0\0\0\0\0\0	\0\0dh\0$If\0\0\0\0\0dh\0a$$$If\0\0\0\0y\0\0$$If\0\0\0\0\04\0\0\04\0l\04\0\0\04\0l\0\0\0\0\0\0\0\0\0\0\0\0\0\0\0\0\0\0\0\0\0\0\0\0\00\0\0\0\0\0\0\0\0\0\0\0\0\0\0\0\0\0\0\0\0\0\0\0\0\0\0\0\0\0\0\0\0\0\0\0\0\0\0\0\0\0\0\0\00\0$	 \0\0\0\0\0\0\0\0\0\0\0\0\0\0\0\0\0\0\0\0\0\0\0\0\0\0\0\0\0\0\0\0\0\0\0\0\0\0\0\0\Z\0\0\0\0\0\0\0\0\0\0\0\0\0\0\0\0\0\0\0\0\0\0\0\0\0\0\0!\0\0!\0\0!\0\0!\0\0\0\0\0\0\0\0\0\0\0\0\0\0y\0\0\0\0\0\0\0\0\0\0\0\0p\0\0\0\0\0\0\0\0\0\0\0\0\0\0\0\0\0\0\0\0\0\0\0\0\0\0\0\0\0\0\0\0\0\0\0\0\0\0\0\0\0\0\0\0\0\0\0\0\0\0\0\0\0\0\0\0\0\0\0\0\0\0\0\0\0\0\0\0\0\0\0\0\0\0\0\0\0\0\0\0\0\0\0\0\0\0\0\0\0\0\0\0\0\0\0\0\0\0\0\0\0\0\0\0\0\0\0\0\0\0\0\0\0\0\0\0\0\0\0\0\0\0\0\0\0\0\0\0\0\0\0\0\0\0\0\0\0\0\0\0\0\0\0\0\0\0\0\0\0\0\0\0\0\0\0\0\0\0\0\0\0\0\0\0\0\0\0\0\0\0\0\0\0\0\0\0\0\0\0\0\0	\0\0dh\0$If\0\0\0\0\0dh\0a$$$If\0\0\0\0y\0\0$$If\0\0\0\0\04\0\0\04\0l\04\0\0\04\0l\0\0\0\0\0\0\0\0\0\0\0\0\0\0\0\0\0\0\0\0\0\0\0\0\00\0\0\0\0\0\0\0\0\0\0\0\0\0\0\0\0\0\0\0\0\0\0\0\0\0\0\0\0\0\0\0\0\0\0\0\0\0\0\0\0\0\0\0\00\0$	 \0\0\0\0\0\0\0\0\0\0\0\0\0\0\0\0\0\0\0\0\0\0\0\0\0\0\0\0\0\0\0\0\0\0\0\0\0\0\0\0\Z\0\0\0\0\0\0\0\0\0\0\0\0\0\0\0\0\0\0\0\0\0\0\0\0\0\0\0!\0\0!\0\0!\0\0!\0\0>\"\0\0\0#\0\0#\0\0$\0\0Z$\0\0\0\0\0\0\0\0\0\0\0\0\0\0\0\0\0\0\0\0\0\0\0\0\0\0x\0\0\0\0\0\0\0\0\0\0\0\0p\0\0\0\0\0\0\0\0\0\0\0\0h\0\0\0\0\0\0\0\0\0\0\0\0`\0\0\0\0\0\0\0\0\0\0\0\0X\0\0\0\0\0\0\0\0\0\0\0\0P\0\0\0\0\0\0\0\0\0\0\0\0\0\0\0\0\0\0\0\0\0\0\0\0\0\0\0\0\0\0\0\0\0\0\n&\0F\0dh\0\0\0\n&\0F\0dh\0\0\0\n&\0F\0dh\0\0\0\n&\0F\0dh\0\0\0\n&\0F\0dh\0\0\0\n&\0F\0dh\0\0\0\0dh\0\0y\0\0$$If\0\0\0\0\04\0\0\04\0l\04\0\0\04\0l\0\0\0\0\0\0\0\0\0\0\0\0\0\0\0\0\0\0\0\0\0\0\0\0\00\0\0\0\0\0\0\0\0\0\0\0\0\0\0\0\0\0\0\0\0\0\0\0\0\0\0\0\0\0\0\0\0\0\0\0\0\0\0\0\0\0\0\0\00\0$	 \0\0\0\0\0\0\0\0\0\0\0\0\0\0\0\0\0\0\0\0\0\0\0\0\0\0\0\0\0\0\0\0\0\0\0\0\0\0\0\0\Z\0\0\0\0\0\0\0\0\0\0\0\0\0\0\0\0\0\0\0\0\0\0\0\0\0\0\0Z$\0\0\\$\0\0v$\0\0$\0\0$\0\0$\0\0r%\0\0%\0\0%\0\0%\0\0%\0\0%\0\0%\0\0%\0\0%\0\0%\0\0%\0\0%\0\0\0\0\0\0\0\0\0\0\0\0\0\0\0\0\0\0\0\0\0\0\0\0\0\0\0\0\0\0\0\0\0\0\0\0\0\0\0\0\0\0\0\0\0\0\0\0\0\0\0\0\0\0\0\0\0\0\0\0\0\0\0\0\0\0\0\0\0\0\0\0\0\0\0\0\0\0\0\0\0\0\0\0\0\0\0\0\0\0\0\0\0\0\0\0\0\0\0\0\0\0\0\0\0\0\0\0\0\0\0\0\0\0\0\0\0\0\0\0\0\0\0\0\0\0\0\0\0\0\0\0\0\0\0\0\0\0\0\0\0\0\0\0\0\0\0\0\0\0\0\0\0\0\0\0\0\0\0\0\0\0\0\0\0\0\0\0\0\0\0\0\0\0\0\0\0\0\0\0\0\0\0\0\0\0\0\0\0\0\0\0\0\0\0\0\0\0\0\0\0\0\0\0\0\0\0\0\0\0\0\0\0\0\0\0\0\0\0\0dh\0\0\0\0dh\0\0\0\0dh\0\0\0\0dh\0\0\0\0dh\0\0\0\0dh\0\0\0\0dh\0\0\0\0dh\0\0\0\0dh\0\0\0\0dh\0\0\0\n&\0F\0dh\0\0\0\n&\0F\0dh\0\0\0\n&\0F\0dh\0\0\0\n&\0F\0dh\0\0\0\n&\0F\0dh\0\0\0\n&\0F\0dh\0\0\0\0dh\0\0%\0\0%\0\0%\0\0&\0\0&\0\0&\0\0X&\0\0b&\0\0r&\0\0\'\0\0\'\0\0\'\0\0\'\0\0h(\0\0v(\0\0)\0\0 )\0\0)\0\0)\0\0\0\0\0\0\0\0\0\0\0\0\0\0\0\0\0\0\0\0\0\0\0\0\0\0\0\0\0\0\0\0\0\0\0\0\0\0\0\0\0\0\0\0\0\0\0\0\0\0\0\0\0\0\0\0\0\0\0\0\0\0\0\0\0\0\0\0\0\0\0\0\0\0\0\0\0\0\0\0\0\0\0\0\0\0\0\0\0\0\0\0\0\0\0\0\0\0\0\0\0\0\0\0\0\0\0\0\0\0\0\0\0\0\0\0\0\0\0\0\0\0\0\0\0\0\0\0\0\0\0\0\0\0\0\0\0\0\0\0\0\0\0\0\0\0\0\0\0\0\0\0\0\0\0\0\0\0\0\0\0\0\0\0\0\0\0\0\0\0\0\0\0\0\0\0\0\0\0\0\0\0\0\0\0\0\0\0\0\0\0\0\0\0\0\0\0\0\0\0\0\0\0\0\0\0\0\0\0\0\0\0\0\0\0\0\0\0\0\0\0\0\0dh\0\0\0\0dh\0\0\0\0dh\0\0\0\0dh\0\0\0\0dh\0\0\0\0dh\0\0\0\0dh\0\0\0\0dh\0\0\0\0dh\0\0\0\0dh\0\0\0\0dh\0\0\0\0dh\0\0\0\0dh\0a$$\0\0\0dh\0a$$\0\0\0dh\0\0\0\0dh\0a$$\0\0\0dh\0\0\0\0dh\0\0)\0\0d*\0\0r*\0\0+\0\0\Z+\0\0+\0\0+\0\0d,\0\0t,\0\0-\0\0\n-\0\0-\0\0-\0\0-\0\02.\0\08.\0\0:.\0\0~.\0\0\0\0\0\0\0\0\0\0\0\0\0\0\0\0\0\0\0\0\0\0\0\0\0\0\0\0\0\0\0\0\0\0\0\0\0\0\0\0\0\0\0\0\0\0\0\0\0\0\0\0\0\0\0\0\0\0\0\0\0\0\0\0\0\0\0\0\0\0\0\0\0\0\0\0\0\0\0\0\0\0\0\0\0\0\0\0\0\0\0\0\0\0\0\0\0\0\0\0\0\0\0\0\0\0\0\0\0\0\0\0\0\0\0\0\0\0\0\0\0\0\0\0\0\0\0\0\0\0\0\0\0\0\0\0\0\0\0\0\0\0\0\0\0\0\0\0\0\0\0\0\0\0\0\0\0\0\0\0\0\0\0\0\0\0\0\0\0\0\0\0\0\0\0\0\0\0\0\0\0\0\0\0\0\0\0\0\0\0\0\0\0\0\0\0\0\0\0\0\0\0\0\0\0\0\0\0\0\0\0\0\0\0\0\0\0\0\0\0\0\0\0\0\0\0\0\r9r \0a$$\r\09r \0\0\0\0\0\r9r \0\r\09r \0\0\0dh\0\0\0\0dh\0\0\0\0dh\0\0\0\0dh\0\0\0\0dh\0\0\0\0dh\0\0\0\0dh\0\0\0\0dh\0\0\0\0dh\0\0\0\0dh\0\0\0\0dh\0\0\0\0dh\0\0\0\0dh\0\0\0\0dh\0\0~.\0\0.\0\0.\0\0.\0\0\0\0\0\0\0\0\0\0\0\0\0\0\0\0\0\0\0\0\0\0\0\0\0\0\0\0\0\0\0\0\0\0\0\0\0\0\0\0\0\0\0\0\0\0\0\0\0\0\0\0\0\0\0\0\0\0\0\0\0\0\0\0\0\0\0\0\0\0\0\0\0\0\0\0\0\0\0\0\0\0\0\0\0\0\0\0\0\0\0\0\0\0\0\0\0\0\0\0\0\0\0\0\0\0\0\0\0\0\0\0\0\0\0\0\0\0\0\0\0\0\0\0\0\0\0\0\0\0\0\0\0\0\0\0\0\0\0\0\0\0\0\0\0\0\0\0\0\0\0\0\0\0\0\0\0\0\0\0\0\0\0\0\0\0\0\0\0\0\0\0\0\0\0\0\0\0\0\0\0\0\0\0\0\0\0\0\0\0\0\0\0\0\0\0\0\0\0\0\0\0\0\0\0\0\0\0\0\0\0\0\0\0\0\0\0\0\0\0\0\0\0\0\0\0\0\0\0\0\0\0\0\0\0\0\0\0\0\0\0\0\0\0\0\0\0\0\0\0\0\0\0\0\0\0\0\0\0\0\0\0\0\0\0\0\0\0\0\0\0\0\0\0\0\0\0\0\0\0\0\0\0\0\0\0\0\0\0\0\0\0\0\0\0\0\0\0\0\0\0\0\0\0\0\0\0\0\0\0\0\0\0\0\0\0\0\0\0\0\0\0\0\0\0\0\0\0\0\0\0\0\0\0\0\0\0\0\0\0\0\0\0\0\0\0\0\0\0\0\0\0\0\0\0\0\0\0\0\0\0\0\0\0\0\0\0\0\0\0\0\0\0\0\0\0\0\0\0\0\0\0\0\0\0\0\0\0\0\0\0\0\0\0\0\0\0\0\0\0\0\0\0\0\0\0\0\0\0\0\0\0\0\0\0\0\0\0\0\0\0\0\0\0\0\0\0\0\0\0\0\0\0\0\0\0\0\0\0\0\0\0\0\0\0\0\0\0\0\0\0\0\0\0\0\0\0\0\0\0\0\0\0\0\0\0\0\0\0\0\0\0\0\0\0\0\0\0dh\0\0\0\0\0\0\0\01\0. A!#\"$%\0\0S2P\018\0\0\0\0\0\0\0\0\0\0\0\0\0\0\0\0\0\0\0\0\0\0\0\0\0\0\0\0\0\0\0\0\0\0\0\0\0\0\0\0\0\0\0\0\0\0\0\0\0\0\0\0\0\0\0\0\0\0\0\0\0\0\0\0\0\0\0\0\0\0\0\0\0\0\0\0\0\0\0\0\0\0\0\0\0\0\0\0\0\0\0\0\0\0\0\0\0\0\0\0\0\0\0\0\0\0\0\0\0\0\0\0\0\0\0\0\0\0\0\0\0\0\0\0\0\0\0\0\0\0\0\0\0\0\0\0\0\0\0\0\0\0\0\0\0\0\0\0\0\0\0\0\0\0\0\0\0\0\0\0\0\0\0\0\0\0\0\0\0\0\0\0\0\0\0\0\0\0\0\0\0\0\0\0\0\0\0\0\0\0\0\0\0\0\0\0\0\0\0\0\0\0\0\0\0\0\0\0\0\0\0\0\0\0\0\0\0\0\0\0\0\0\0\0\0\0\0\0\0\0\0\0\0\0\0\0\0\0\0\0\0\0\0\0\0\0\0\0\0\0\0\0\0\0\0\0\0\0\0\0\0\0\0\0\0\0\0\0\0\0\0\0\0\0\0\0\0\0\0\0\0\0\0\0\0\0\0\0\0\0\0\0\0\0\0\0\0\0\0\0\0\0\0\0\0\0\0\0\0\0\0\0\0\0\0\0\0\0\0\0\0\0\0\0\0\0\0\0\0\0\0\0\0\0\0\0\0\0\0\0\0\0\0\0\0\0\0\0\0\0\0\0\0\0\0\0\0\0\0\0\0\0\0\0\0\0\0\0\0\0\0\0\0\0\0\0\0\0\0\0\0\0\0\0\0\0\0\0\0\0\0\0\0\0\0\0\0\0\0\0\0\0\0\0\0\0\0\0\0\0\0\0\0\0\0\0\0\0\0\0\0\0\0\0\0\0\0\0\0\0\0\0\0\0\0\0\0\0\0\0\0\0\0\0\0\0\0\0\0\0\0\0\0\0\0\0\0\0\0\0\0\0\0\0$\0CJ\0PJ\0aJ\0KH\0mH	sH	nHtH_H\0\0\0\0\0\0\0\0\0\0\0\0\0\0\0\0\0\0$\0A`\0$\0\0\0\0\0\0\0\0\0\0\0\0؞k=W[SO\0\0\0\0\0\0\0\0\0\0\0\0<\0 `\0\0<\0\0\0\0\0\0\0\0\0\0\0\0u\Z\0\0\0\0a$\0$\0G$\0\r\09r \0CJ\0aJ\0N\0`\0N\0\0\0\0\0\0\0\0\0\0\0\0u	w\0\0\'\0\0a$$G$\0&d\0P\0\0\0\0\r\09r \0\0CJ\0aJ\0\0\0\0\0\0&\0\0B\0\0v\0\0\0\0V\0\0\0\0 \0\0!\0\0\0#\0\0%\0\0\'\0\0)\0\0*\0\0n,\0\0-\0\0x.\0\0.\0\0\0\0\0\0\0\0\Z\0\0\0\0\0\0\0\0\0\0\0\0\0\0\0\0\0\0 \0\0\0!\0\0\0\"\0\0\0#\0\0\0$\0\0\0%\0\0\0&\0\0\0\'\0\0\0(\0\0\0)\0\0\0\0\0\0\0\0\0\08\Z\0\0\0\0\0\0\0\0B\0\0B\0\0!\0\0!\0\0!\0\0!\0\0!\0\0!\0\0Z$\0\0%\0\0)\0\0~.\0\0.\0\0*\0\0\0+\0\0\0,\0\0\0-\0\0\0.\0\0\0/\0\0\00\0\0\01\0\0\02\0\0\03\0\0\04\0\0\05\0\0\06\0\0\07\0\0\08\0\0\09\0\0\0:\0\0\0;\0\0\0<\0\0\0\0\0\0\0\0\0\0B\0\0\0\0\0\0\0\0\0\n\0\0\0G\0\0z\0 \0\0\0\0\0\0\0\0\0\0\0\0\0\0\0\0T\0i\0m\0e\0s\0 \0N\0e\0w\0 \0R\0o\0m\0a\0n\0\0\0-\0\0\0\0\0\0\0(\0\0\0\0\0\0\0\0\0\0\0\0\0[SO\0\0A4\n	\0\0\0\0\0\0\0\0\0\0\0\0\0\0\0\0\0\0\0N[_\0G\0B\02\03\01\02\0\0\0[SO\0\07$\0\0\0[ \0@\0\0\0\0\0\0\0\0 \0\0\0\0V\0e\0r\0d\0a\0n\0a\0\0\05\0\0\0\0\0\0\0\0\0\0\0\0\0\0\0\0\0\0\0\0\0\0\0\0S\0y\0m\0b\0o\0l\0\0\03$\0*\0Cx\0	\0\0\0\0\0\0\0\0@\0\0A\0r\0i\0a\0l\0\0\0-\0	\0|8\0\0\0\0\0\0\0\0\0\0\0\0\0ўSO\0\0?4\0	*\0Cx\0	\0\0\0\0\0\0\0\0@\0\0C\0o\0u\0r\0i\0e\0r\0 \0N\0e\0w\0\0\0;\0\0\0\0\0\0\0\0\0\0\0\0\0\0\0\0\0\0\0\0\0\0\0\0\0\0\0\0\0\0\0\0\0W\0i\0n\0g\0d\0i\0n\0g\0s\0\0\0A4\n	\0\0\0\0\0\0\0\0\0\0\0\0\0\0\0\0\0\0\0wiSO_\0G\0B\02\03\01\02\0\0\0[SO\0\0\0\0\0\0\0\n\0N\0o\0r\0m\0a\0l\0.\0d\0o\0t\0	\0O\ZNQz^TTfN\0\0\0\0\0\0\0ѐIQS	\0M\0C\0 \0S\0Y\0S\0T\0E\0M\0\0\0\0\0\0\0\0\0\0\0\0\0\0\0\0\0\0\0\0\0 \0\0\0\0Qh\0\0\0\0JpæQYf\0\0\0\0\0\0\0\0\0\r\0\0j\0\0\0\n\0\0\0\0%\0\0\0\0\0\0\0\0\0\0\0\0\0\0\0\0\0\0\0\0\0\0!\0\0\0\0\0\0\0Z\0&\0!\0)\0,\0.\0:\0;\0?\0]\0}\0\0\0    & 6\"0000	00\r00000	\Z=@\\]^\0\0\0\0\0\0\0\0\0\0\0\0\0\0\0\0\0\0\0\0\0\0\0\0\0\0\0\0\0\0\0\0\0\0\0\0\0\0\0\0\0\0\0\0\0\0\0\0\0\0\0\0\0\0\0\0\0\0\0\0\0\0\0\0\0\0\0\0\0\0\0\0\0\0\0\0\0\0\0\0\0\0\0\0\0\0\0\0\0\0\0\0\0\0\0\0\0\0\0\0\0\0\0\0\0\0\0\0\0\0\0\0(\0[\0{\0\0  0\n000000;[\0\0\0\0\0\0\0\0\0\0\0\0\0\0\0\0\0\0\0\0\0\0\0\0\0\0\0\0\0\0\0\0\0\0\0\0\0\0\0\0\0\0\0\0\0\0\0\0\0\0\0\0\0\0\0\0\0\0\0\0\0\0\0\0\0\0\0\0\0\0\0\0\0\0\0\0\0\0\0\0\0\0\0\0\0\0\0\0\0\0\0\0\0\0\0\0\0\0\0\0\0\0\0\0\0\0\0\0\0\0\0\0\0\0\0\0\0\0\0\0\0\0\0\0\0\0\0\0\0\0\0\0\0\0\0\0\0\0\0\0\0\0\0\0\0\0\0\0\0\0\0\0\0\0\0\0\0\0\0\0\0\0\0\0\0\0\0\0\0\0\0\0\0\0\0\0\0\0\0\0\0\0\0\0\0\0\0\0\0\0\0\0\0\0\0\0\0\0\0\0\0\0\0\0)\0?\0\0\0\0\'*\0\0\0\0\02\0\0\0\0\0\0\0\0\0\0\0\0\0\0\0\0\0\0\0\0\0B\0\0\0\0\0z\0\0\0\0\0\0\0\0\0\0\0\0\0\0\0\0\0\0\0\0\0\0\0\0\0\0\0\0\0\0\0\0\0\0\0\0\0\0\0\0\0\0\'\0\0\0\'\0\0\0\'\0\0\0*\0\0\0\0\0 \0\0\0\0\0\0\0\0\0\0\0\0\0\0\0\0\0\0\0\0\0\0\0\0\0\0\0`\0\0\0\0\0\0\0\0\0\0\0\0\00\0\0\0\0(\0\0\0\0	\0\0\0\0\0\0\0\0\0\0\0\0\0\0\0\0\0\0\0\0\n\0\0\0\0\0\0\0\0\0\0\0\0\0\0\n\0\0\0\0\0\0\0\0\0\0\0\r\0\0\0\0\0\0\0\0\0 \0\0\0\"\0\0\0B\0\0!\Z@\0\0\0\0\0\0\0\0\0\0\0\0\0\0\0\0\0\0\0\0\0\0\0\0\0\0\0\0\0\0\0\0\0\0\0\0\0\0\0\0\0\0\0\0\0\0\0\0\0\0\0\0\0\0\0\0\0\0\0\0\0\0\0\0\0\0\0\0\0\0\0\0\0\0\0\0\0\0\0\0\0\0\0\0\0\0\0\0\0\0\0\0\0\0\0\0\0\0\0\0\0\0\0\0\0\0\0\0\0\0\0\0\0\0\0\0\0\0\0\0\0\0\0\0\0\0\0\0\0\0\0\0\0\0\0\0\0\0\0\0\0\0\0\0\0\0\0\0\0\0\0\0\0\0\0\0\0\0\0\0\0\0\0\0\0\0\0\0\0\0\0\0\0\0\0\0\0\0\0\0\0\0\0\0\0\0\0\0\0\0\0\0\0\0\0\0\0\0\0\0\0\0\0\0\0\0\0\0\0\0\0\0\0\0\0\0\0\0\0\0\0\0\0\0\0\0\0\0\0\0\0\0\0\0\0\0\0\0\0\0\0\0\0\0\0\0\0\0\0\0\0\0\0\0\0\0\0\0\0\0\0\0\0\0\0\0\0\0\0\0\0\0\0\0\0\0\0\0\0\0\0\0\0\0\0\0\0\0\0\0\0\0\0\0\0\0\0\0\0\0\0\0\0\0\0\0\0\0\0\0\0\0\0\0\0\0\0\0\0\0\0\0\0\0\0\0\0\0\0\0\0\0\0\0\0\0\0\0\0\0\0\0\0\0\0\0\0\0\0\0\0\0\0\0\0\0\0\0\0\0\0\0\0\0\0\0\0\0\0\0\0\0\0\0\0\0\0\0\0\0\0\0\0\0\0\0\0\0\0\0\0\0\0\0\0\0\0\0\0\0\0\0\0\0\0\0\0\0\0\0\0\0\0\0\0\0\0\0\0\0\0','doc','2012-08-14 23:05:41','ADMIN'),  ('2','index.html',NULL,'DB','<!DOCTYPE html PUBLIC \"-//W3C//DTD XHTML 1.0 Transitional//EN\" \"http://www.w3.org/TR/xhtml1/DTD/xhtml1-transitional.dtd\">\r\n<html xmlns=\"http://www.w3.org/1999/xhtml\">\r\n<head>\r\n<meta http-equiv=\"Content-Type\" content=\"text/html; charset=gb2312\" />\r\n<title>ֱҹʵ_ҳ</title>\r\n<link href=\"css/reset.css\" rel=\"stylesheet\" type=\"text/css\" />\r\n<link href=\"css/home.css\" rel=\"stylesheet\" type=\"text/css\" />\r\n<script src=\"js/Demo.js\" type=\"text/javascript\" ></script>\r\n</head>\r\n<body>\r\n	<div class=\"frame\">\r\n    <!-- header-->\r\n    	<div class=\"header\">\r\n        <iframe src=\"flash/header.swf\" width=\"960\" height=\"161\" frameborder=\"0\" scrolling=\"no\" ></iframe> \r\n      </div>\r\n \r\n     <!--nav -->\r\n     <div class=\"nav\">\r\n     	<ul>\r\n            <li><a href=\"#\"> ҳ</a></li>\r\n            <li><img src=\"image/nav_line.jpg\" width=\"2\" height=\"41\" /></li>\r\n            <li><a href=\"laboratory.html\">ʵҸſ</a></li>\r\n            <li><img src=\"image/nav_line.jpg\" width=\"2\" height=\"41\" /></li>\r\n            <li><a href=\"Scientific_research.html\">гɹ</a></li>\r\n            <li><img src=\"image/nav_line.jpg\" width=\"2\" height=\"41\" /></li>\r\n            <li><a href=\"#\">ѧ</a></li>\r\n            <li><img src=\"image/nav_line.jpg\" width=\"2\" height=\"41\" /></li>\r\n            <li><a href=\"#\">ѯ</a></li>\r\n            <li><img src=\"image/nav_line.jpg\" width=\"2\" height=\"41\" /></li>\r\n            <li><a href=\"#\">ҵ</a></li>\r\n            <li ><img src=\"image/nav_line.jpg\" width=\"2\" height=\"41\" /></li>\r\n            <li><a href=\"#\"></a></li>\r\n            <li><img src=\"image/nav_line.jpg\" width=\"2\" height=\"41\" /></li>\r\n            <li><a href=\"#\">Ա֮</a></li>\r\n            <li ><img src=\"image/nav_line.jpg\" width=\"2\" height=\"41\" /></li>\r\n            <li><a href=\"#\">˲Ƹ</a></li>\r\n        </ul>\r\n     </div>\r\n     \r\n     <!-- notic-->\r\n     <div class=\"notic\">\r\n     <marquee  scrollamount=\"2\" direction=\"left\" onMouseOver=\"this.stop()\" onMouseOut=\"this.start()\"   >\r\n  		<table class=\"guid_tab\" cellpadding=\"0\" cellspacing=\"0\" border=\"0\">\r\n        	<tr>\r\n            	<td width=\"19\"><img src=\"image/guid_icon.gif\" width=\"13\" height=\"17\" /></td>\r\n                <td width=\"590\">ӭҹоĿϢ桱 鿴ھٰ조ȫѧϢϵͳѵࡱ֪ͨ</td>\r\n            </tr>\r\n        </table>\r\n       </marquee>\r\n      </div>\r\n         \r\n    <!--content-->\r\n        <div class=\"content\">\r\n        <!--content_left-->\r\n        	<div class=\"content_left\">\r\n            <!--new-->\r\n            	<div class=\"new\">\r\n                	<div class=\"flash\">\r\n       				<iframe src=\"flash/index.html\" width=\"356\" height=\"276\" frameborder=\"0\" border=\"0\" marginwidth=\"0\" marginheight=\"0\" scrolling=\"no\"></iframe>\r\n                  </div>\r\n                    <div class=\"new_text\">\r\n                    <div class=\"new_text_title\"><img src=\"image/new_title.jpg\" width=\"79\" height=\"15\" /><span><a href=\"#\">More</a></span></div>\r\n                    <div class=\"new_content\">\r\n           	  		<table class=\"new_tab\" cellpadding=\"0\" cellspacing=\"0\">\r\n                    <tr>\r\n                    <td width=\"5%\" class=\"tc\"><img src=\"image/new_icon.jpg\" width=\"3\" height=\"3\" /></td>\r\n                    <td width=\"74%\" class=\"tl\"><a href=\"#\" title=\"ǧ˼ƻ˽̳Уϵѧ...\">ǧ˼ƻ˽̳\"Уϵѧ...<img src=\"image/new_icon02.jpg\" width=\"21\" height=\"9\" />\"</a></td>\r\n                    <td width=\"21%\" >2012-03-08</td>\r\n                   </tr>\r\n                   <tr>\r\n                   <td width=\"5%\" class=\"tc\"><img src=\"image/new_icon.jpg\" width=\"3\" height=\"3\" /></td>\r\n                   <td width=\"74%\" class=\"tl\"><a href=\"#\" title=\"ҹҵϢϢ˾˾Ф...\">ҹҵϢϢ˾˾Ф</a></td>\r\n                   <td width=\"21%\" >2012-03-08</td>\r\n                   </tr>\r\n                   <tr>\r\n                   <td width=\"5%\" class=\"tc\"><img src=\"image/new_icon.jpg\" width=\"3\" height=\"3\" /></td>\r\n                   <td width=\"74%\" class=\"tl\"><a href=\"#\" title=\"ǧ˼ƻ˽̳Уϵѧ...\">ǧ˼ƻ˽̳\"Уϵѧ...</a></td>\r\n                   <td width=\"21%\" >2012-03-08</td>\r\n                   </tr>\r\n                   <tr>\r\n                   <td width=\"5%\" class=\"tc\"><img src=\"image/new_icon.jpg\" width=\"3\" height=\"3\" /></td>\r\n                   <td width=\"74%\" class=\"tl\"><a href=\"#\" title=\"ҹҵϢϢ˾˾Ф...\">ҹҵϢϢ˾˾Ф</a></td>\r\n                   <td width=\"21%\" >2012-03-08</td>\r\n                   </tr>\r\n                   <tr>\r\n                   <td width=\"5%\" class=\"tc\"><img src=\"image/new_icon.jpg\" width=\"3\" height=\"3\" /></td>\r\n                   <td width=\"74%\" class=\"tl\"><a href=\"#\" title=\"ǧ˼ƻ˽̳Уϵѧ...\">ǧ˼ƻ˽̳\"Уϵѧ\"...</a></td>\r\n                   <td width=\"21%\" >2012-03-08</td>\r\n                   </tr>\r\n                   <tr>\r\n                   <td width=\"5%\" class=\"tc\"><img src=\"image/new_icon.jpg\" width=\"3\" height=\"3\" /></td>\r\n                   <td width=\"74%\" class=\"tl\"><a href=\"#\" title=\"ҹҵϢϢ˾˾Ф\">ҹҵϢϢ˾˾Ф</a></td>\r\n                   <td width=\"21%\" >2012-03-08</td>\r\n                   </tr>\r\n                   <tr>\r\n                   <td width=\"5%\" class=\"tc\"><img src=\"image/new_icon.jpg\" width=\"3\" height=\"3\" /></td>\r\n                   <td width=\"74%\" class=\"tl\"><a href=\"#\" title=\"ǧ˼ƻ˽̳Уϵѧ...\">ǧ˼ƻ˽̳\"Уϵѧ...\"</a></td>\r\n                   <td width=\"21%\" >2012-03-08</td>\r\n                   </tr>\r\n                   <tr>\r\n                   <td width=\"5%\" class=\"tc\"><img src=\"image/new_icon.jpg\" width=\"3\" height=\"3\" /></td>\r\n                   <td width=\"74%\" class=\"tl\"><a href=\"#\" title=\"ҹҵϢϢ˾˾Ф...\">ҹҵϢϢ˾˾Ф</a></td>\r\n                   <td width=\"21%\" >2012-03-08</td>\r\n                   </tr>\r\n                   <tr>\r\n                   <td width=\"5%\" class=\"tc\"><img src=\"image/new_icon.jpg\" width=\"3\" height=\"3\" /></td>\r\n                   <td width=\"74%\" class=\"tl\"><a href=\"#\" title=\"ǧ˼ƻ˽̳Уϵѧ...\">ǧ˼ƻ˽̳\"Уϵѧ...\"</a></td>\r\n                   <td width=\"21%\" >2012-03-08</td>\r\n                   </tr>\r\n                   <tr>\r\n                   <td width=\"5%\" class=\"tc\"><img src=\"image/new_icon.jpg\" width=\"3\" height=\"3\" /></td>\r\n                   <td width=\"74%\" class=\"tl\"><a href=\"#\" title=\"ҹҵϢϢ˾˾Ф...\">ҹҵϢϢ˾˾Ф</a></td>\r\n                   <td width=\"21%\" >2012-03-08</td>\r\n                   </tr>\r\n                   </table>\r\n                	</div>\r\n                    </div>\r\n           	  </div>\r\n                <!-- new end-->\r\n               \r\n                <!-- column-->\r\n          <div class=\"column\">\r\n                	<div class=\"column_left\">\r\n                    	 <div class=\"select_tab\">\r\n     <!--ѡ һ-->\r\n         <div id=\"Tab\">\r\n			<div class=\"Menubox\">\r\n			<ul>\r\n   			<li id=\"one1\" onclick=\"setTab(\'one\',1,2)\"  class=\"hover\">ѧ</li>\r\n   			<li id=\"one2\" onclick=\"setTab(\'one\',2,2)\" >гɹ</li>\r\n			</ul>\r\n            <span><a href=\"#\">More</a></span>\r\n			</div>\r\n 			<div class=\"Contentbox\"> \r\n   			<div id=\"con_one_1\" >\r\n          <table class=\"new_tab\" cellpadding=\"0\" cellspacing=\"0\">\r\n                    <tr>\r\n                    <td width=\"5%\" class=\"tc\"><img src=\"image/new_icon.jpg\" width=\"3\" height=\"3\" /></td>\r\n                    <td width=\"74%\" class=\"tl\"><a href=\"#\" title=\"ǧ˼ƻ˽̳Уϵѧ...\">ǧ˼ƻ˽̳\"Уϵѧ...<img src=\"image/new_icon02.jpg\" width=\"21\" height=\"9\" />\"</a></td>\r\n                    <td width=\"21%\" >2012-03-08</td>\r\n                   </tr>\r\n                   <tr>\r\n                   <td width=\"5%\" class=\"tc\"><img src=\"image/new_icon.jpg\" width=\"3\" height=\"3\" /></td>\r\n                   <td width=\"74%\" class=\"tl\"><a href=\"#\" title=\"ҹҵϢϢ˾˾Ф...\">ҹҵϢϢ˾˾Ф</a></td>\r\n                   <td width=\"21%\" >2012-03-08</td>\r\n                   </tr>\r\n                   <tr>\r\n                   <td width=\"5%\" class=\"tc\"><img src=\"image/new_icon.jpg\" width=\"3\" height=\"3\" /></td>\r\n                   <td width=\"74%\" class=\"tl\"><a href=\"#\" title=\"ǧ˼ƻ˽̳Уϵѧ...\">ǧ˼ƻ˽̳\"Уϵѧ...</a></td>\r\n                   <td width=\"21%\" >2012-03-08</td>\r\n                   </tr>\r\n                   <tr>\r\n                   <td width=\"5%\" class=\"tc\"><img src=\"image/new_icon.jpg\" width=\"3\" height=\"3\" /></td>\r\n                   <td width=\"74%\" class=\"tl\"><a href=\"#\" title=\"ҹҵϢϢ˾˾Ф...\">ҹҵϢϢ˾˾Ф</a></td>\r\n                   <td width=\"21%\" >2012-03-08</td>\r\n                   </tr>\r\n                   <tr>\r\n                   <td width=\"5%\" class=\"tc\"><img src=\"image/new_icon.jpg\" width=\"3\" height=\"3\" /></td>\r\n                   <td width=\"74%\" class=\"tl\"><a href=\"#\" title=\"ǧ˼ƻ˽̳Уϵѧ...\">ǧ˼ƻ˽̳\"Уϵѧ\"...</a></td>\r\n                   <td width=\"21%\" >2012-03-08</td>\r\n                   </tr>\r\n                   <tr>\r\n                   <td width=\"5%\" class=\"tc\"><img src=\"image/new_icon.jpg\" width=\"3\" height=\"3\" /></td>\r\n                   <td width=\"74%\" class=\"tl\"><a href=\"#\" title=\"ҹҵϢϢ˾˾Ф\">ҹҵϢϢ˾˾Ф</a></td>\r\n                   <td width=\"21%\" >2012-03-08</td>\r\n                   </tr>\r\n                   <tr>\r\n                   <td width=\"5%\" class=\"tc\"><img src=\"image/new_icon.jpg\" width=\"3\" height=\"3\" /></td>\r\n                   <td width=\"74%\" class=\"tl\"><a href=\"#\" title=\"ǧ˼ƻ˽̳Уϵѧ...\">ǧ˼ƻ˽̳\"Уϵѧ...\"</a></td>\r\n                   <td width=\"21%\" >2012-03-08</td>\r\n                   </tr>\r\n                   <tr>\r\n                   <td width=\"5%\" class=\"tc\"><img src=\"image/new_icon.jpg\" width=\"3\" height=\"3\" /></td>\r\n                   <td width=\"74%\" class=\"tl\"><a href=\"#\" title=\"ҹҵϢϢ˾˾Ф...\">ҹҵϢϢ˾˾Ф</a></td>\r\n                   <td width=\"21%\" >2012-03-08</td>\r\n                   </tr>\r\n                   <tr>\r\n                   <td width=\"5%\" class=\"tc\"><img src=\"image/new_icon.jpg\" width=\"3\" height=\"3\" /></td>\r\n                   <td width=\"74%\" class=\"tl\"><a href=\"#\" title=\"ǧ˼ƻ˽̳Уϵѧ...\">ǧ˼ƻ˽̳\"Уϵѧ...\"</a></td>\r\n                   <td width=\"21%\" >2012-03-08</td>\r\n                   </tr>\r\n                   <tr>\r\n                   <td width=\"5%\" class=\"tc\"><img src=\"image/new_icon.jpg\" width=\"3\" height=\"3\" /></td>\r\n                   <td width=\"74%\" class=\"tl\"><a href=\"#\" title=\"ҹҵϢϢ˾˾Ф...\">ҹҵϢϢ˾˾Ф</a></td>\r\n                   <td width=\"21%\" >2012-03-08</td>\r\n                   </tr>\r\n                  </table>\r\n			</div>\r\n			<div id=\"con_one_2\" style=\"display:none\">\r\n            <table class=\"new_tab\" cellpadding=\"0\" cellspacing=\"0\">\r\n              <tr>\r\n              <td width=\"5%\" class=\"tc\"><img src=\"image/new_icon.jpg\" width=\"3\" height=\"3\" /></td>\r\n              <td width=\"74%\" class=\"tl\"><a href=\"#\" title=\"ҹҵϢϢ˾˾Ф...\">ҹҵϢϢ˾˾Ф...</a></td>\r\n              <td width=\"21%\" >2012-03-08</td>\r\n              </tr>\r\n              <tr>\r\n              <td width=\"5%\" class=\"tc\"><img src=\"image/new_icon.jpg\" width=\"3\" height=\"3\" /></td>\r\n              <td width=\"74%\" class=\"tl\"><a href=\"#\" title=\"ǧ˼ƻ˽̳Уϵѧ...\">ǧ˼ƻ˽̳\"Уϵѧ...<img src=\"image/new_icon02.jpg\" width=\"21\" height=\"9\" />\"</a></td>\r\n              <td width=\"21%\" >2012-03-08</td>\r\n              </tr>\r\n              <tr>\r\n              <td width=\"5%\" class=\"tc\"><img src=\"image/new_icon.jpg\" width=\"3\" height=\"3\" /></td>\r\n              <td width=\"74%\" class=\"tl\"><a href=\"#\" title=\"ҹҵϢϢ˾˾Ф...\">ҹҵϢϢ˾˾Ф...</a></td>\r\n              <td width=\"21%\" >2012-03-08</td>\r\n              </tr>\r\n              <tr>\r\n              <td width=\"5%\" class=\"tc\"><img src=\"image/new_icon.jpg\" width=\"3\" height=\"3\" /></td>\r\n              <td width=\"74%\" class=\"tl\"><a href=\"#\" title=\"ǧ˼ƻ˽̳Уϵѧ...\">ǧ˼ƻ˽̳\"Уϵѧ...</a></td>\r\n              <td width=\"21%\" >2012-03-08</td>\r\n              </tr>\r\n              <tr>\r\n              <td width=\"5%\" class=\"tc\"><img src=\"image/new_icon.jpg\" width=\"3\" height=\"3\" /></td>\r\n              <td width=\"74%\" class=\"tl\"><a href=\"#\" title=\"ҹҵϢϢ˾˾Ф...\">ҹҵϢϢ˾˾Ф...</a></td>\r\n              <td width=\"21%\" >2012-03-08</td>\r\n              </tr>\r\n              <tr>\r\n              <td width=\"5%\" class=\"tc\"><img src=\"image/new_icon.jpg\" width=\"3\" height=\"3\" /></td>\r\n              <td width=\"74%\" class=\"tl\"><a href=\"#\" title=\"ǧ˼ƻ˽̳Уϵѧ...\">ǧ˼ƻ˽̳\"Уϵѧ\"...</a></td>\r\n              <td width=\"21%\" >2012-03-08</td>\r\n              </tr>\r\n              <tr>\r\n              <td width=\"5%\" class=\"tc\"><img src=\"image/new_icon.jpg\" width=\"3\" height=\"3\" /></td>\r\n              <td width=\"74%\" class=\"tl\"><a href=\"#\" title=\"ҹҵϢϢ˾˾Ф...\">ҹҵϢϢ˾˾Ф...</a></td>\r\n              <td width=\"21%\" >2012-03-08</td>\r\n              </tr>\r\n              <tr>\r\n              <td width=\"5%\" class=\"tc\"><img src=\"image/new_icon.jpg\" width=\"3\" height=\"3\" /></td>\r\n              <td width=\"74%\" class=\"tl\"><a href=\"#\" title=\"ǧ˼ƻ˽̳Уϵѧ...\">ǧ˼ƻ˽̳\"Уϵѧ...\"</a></td>\r\n              <td width=\"21%\" >2012-03-08</td>\r\n              </tr>\r\n              <tr>\r\n              <td width=\"5%\" class=\"tc\"><img src=\"image/new_icon.jpg\" width=\"3\" height=\"3\" /></td>\r\n              <td width=\"74%\" class=\"tl\"><a href=\"#\" title=\"ҹҵϢϢ˾˾Ф...\">ҹҵϢϢ˾˾Ф...</a></td>\r\n              <td width=\"21%\" >2012-03-08</td>\r\n              </tr>\r\n              <tr>\r\n              <td width=\"5%\" class=\"tc\"><img src=\"image/new_icon.jpg\" width=\"3\" height=\"3\" /></td>\r\n              <td width=\"74%\" class=\"tl\"><a href=\"#\" title=\"ǧ˼ƻ˽̳Уϵѧ...\">ǧ˼ƻ˽̳\"Уϵѧ...\"</a></td>\r\n              <td width=\"21%\" >2012-03-08</td>\r\n              </tr>\r\n              </table>\r\n            </div>\r\n 			</div>\r\n			</div>\r\n 			</div>\r\n <!-- -->\r\n  	<!-- ѡһ-->    \r\n                    </div>\r\n                    <div class=\"column_right\">\r\n                    	<!--ѡ -->\r\n     <div class=\"select_tab2\">\r\n         <div id=\"Tab1\">\r\n			<div class=\"Menubox\">\r\n			<ul>\r\n   			<li id=\"two1\" onclick=\"setTab(\'two\',1,2)\"  class=\"hover\">ѯ</li>\r\n   			<li id=\"two2\" onclick=\"setTab(\'two\',2,2)\" >ҵ</li>\r\n			</ul>\r\n            <span><a href=\"#\">More</a></span>\r\n			</div>\r\n 			<div class=\"Contentbox\"> \r\n   			<div id=\"con_two_1\" >\r\n            <table class=\"new_tab\" cellpadding=\"0\" cellspacing=\"0\">\r\n             <tr>\r\n              <td width=\"5%\" class=\"tc\"><img src=\"image/new_icon.jpg\" width=\"3\" height=\"3\" /></td>\r\n              <td width=\"74%\" class=\"tl\"><a href=\"\" title=\"ǧ˼ƻ˽̳Уϵѧ...\">ǧ˼ƻ˽̳\"Уϵѧ...<img src=\"image/new_icon02.jpg\" width=\"21\" height=\"9\" />\"</a></td>\r\n              <td width=\"21%\" >2012-03-08</td>\r\n              </tr>\r\n              <tr>\r\n              <td width=\"5%\" class=\"tc\"><img src=\"image/new_icon.jpg\" width=\"3\" height=\"3\" /></td>\r\n              <td width=\"74%\" class=\"tl\"><a href=\"#\" title=\"ҹҵϢϢ˾˾Ф...\">ҹҵϢϢ˾˾Ф...</a></td>\r\n              <td width=\"21%\" >2012-03-08</td>\r\n              </tr>\r\n              <tr>\r\n              <td width=\"5%\" class=\"tc\"><img src=\"image/new_icon.jpg\" width=\"3\" height=\"3\" /></td>\r\n              <td width=\"74%\" class=\"tl\"><a href=\"#\" title=\"ǧ˼ƻ˽̳Уϵѧ...\">ǧ˼ƻ˽̳\"Уϵѧ...</a></td>\r\n              <td width=\"21%\" >2012-03-08</td>\r\n              </tr>\r\n              <tr>\r\n              <td width=\"5%\" class=\"tc\"><img src=\"image/new_icon.jpg\" width=\"3\" height=\"3\" /></td>\r\n              <td width=\"74%\" class=\"tl\"><a href=\"#\" title=\"ҹҵϢϢ˾˾Ф...\">ҹҵϢϢ˾˾Ф...</a></td>\r\n              <td width=\"21%\" >2012-03-08</td>\r\n              </tr>\r\n              <tr>\r\n              <td width=\"5%\" class=\"tc\"><img src=\"image/new_icon.jpg\" width=\"3\" height=\"3\" /></td>\r\n              <td width=\"74%\" class=\"tl\"><a href=\"#\" title=\"ǧ˼ƻ˽̳Уϵѧ...\">ǧ˼ƻ˽̳\"Уϵѧ\"...</a></td>\r\n              <td width=\"21%\" >2012-03-08</td>\r\n              </tr>\r\n              <tr>\r\n              <td width=\"5%\" class=\"tc\"><img src=\"image/new_icon.jpg\" width=\"3\" height=\"3\" /></td>\r\n              <td width=\"74%\" class=\"tl\"><a href=\"#\" title=\"ҹҵϢϢ˾˾Ф...\">ҹҵϢϢ˾˾Ф...</a></td>\r\n              <td width=\"21%\" >2012-03-08</td>\r\n              </tr>\r\n              <tr>\r\n              <td width=\"5%\" class=\"tc\"><img src=\"image/new_icon.jpg\" width=\"3\" height=\"3\" /></td>\r\n              <td width=\"74%\" class=\"tl\"><a href=\"#\" title=\"ǧ˼ƻ˽̳Уϵѧ...\">ǧ˼ƻ˽̳\"Уϵѧ...\"</a></td>\r\n              <td width=\"21%\" >2012-03-08</td>\r\n              </tr>\r\n              <tr>\r\n              <td width=\"5%\" class=\"tc\"><img src=\"image/new_icon.jpg\" width=\"3\" height=\"3\" /></td>\r\n              <td width=\"74%\" class=\"tl\"><a href=\"#\" title=\"ҹҵϢϢ˾˾Ф...\">ҹҵϢϢ˾˾Ф...</a></td>\r\n              <td width=\"21%\" >2012-03-08</td>\r\n              </tr>\r\n              <tr>\r\n              <td width=\"5%\" class=\"tc\"><img src=\"image/new_icon.jpg\" width=\"3\" height=\"3\" /></td>\r\n              <td width=\"74%\" class=\"tl\"><a href=\"#\" title=\"ǧ˼ƻ˽̳Уϵѧ...\">ǧ˼ƻ˽̳\"Уϵѧ...\"</a></td>\r\n              <td width=\"21%\" >2012-03-08</td>\r\n              </tr>\r\n              <tr>\r\n              <td width=\"5%\" class=\"tc\"><img src=\"image/new_icon.jpg\" width=\"3\" height=\"3\" /></td>\r\n              <td width=\"74%\" class=\"tl\"><a href=\"#\" title=\"ҹҵϢϢ˾˾Ф...\">ҹҵϢϢ˾˾Ф...</a></td>\r\n              <td width=\"21%\" >2012-03-08</td>\r\n              </tr>\r\n              </table>\r\n			</div>\r\n			<div id=\"con_two_2\" style=\"display:none\">\r\n            <table class=\"new_tab\" cellpadding=\"0\" cellspacing=\"0\">\r\n             <tr>\r\n              <td width=\"5%\" class=\"tc\"><img src=\"image/new_icon.jpg\" width=\"3\" height=\"3\" /></td>\r\n              <td width=\"74%\" class=\"tl\"><a href=\"#\" title=\"ҹҵϢϢ˾˾Ф...\">ҹҵϢϢ˾˾Ф...</a></td>\r\n              <td width=\"21%\" >2012-03-08</td>\r\n              </tr>\r\n              <tr>\r\n              <td width=\"5%\" class=\"tc\"><img src=\"image/new_icon.jpg\" width=\"3\" height=\"3\" /></td>\r\n              <td width=\"74%\" class=\"tl\"><a href=\"#\" title=\"ǧ˼ƻ˽̳Уϵѧ...\">ǧ˼ƻ˽̳\"Уϵѧ...<img src=\"image/new_icon02.jpg\" width=\"21\" height=\"9\" />\"</a></td>\r\n              <td width=\"21%\" >2012-03-08</td>\r\n              </tr>\r\n              <tr>\r\n              <td width=\"5%\" class=\"tc\"><img src=\"image/new_icon.jpg\" width=\"3\" height=\"3\" /></td>\r\n              <td width=\"74%\" class=\"tl\"><a href=\"#\" title=\"ҹҵϢϢ˾˾Ф...\">ҹҵϢϢ˾˾Ф...</a></td>\r\n              <td width=\"21%\" >2012-03-08</td>\r\n              </tr>\r\n              <tr>\r\n              <td width=\"5%\" class=\"tc\"><img src=\"image/new_icon.jpg\" width=\"3\" height=\"3\" /></td>\r\n              <td width=\"74%\" class=\"tl\"><a href=\"#\" title=\"ǧ˼ƻ˽̳Уϵѧ...\">ǧ˼ƻ˽̳\"Уϵѧ...</a></td>\r\n              <td width=\"21%\" >2012-03-08</td>\r\n              </tr>\r\n              <tr>\r\n              <td width=\"5%\" class=\"tc\"><img src=\"image/new_icon.jpg\" width=\"3\" height=\"3\" /></td>\r\n              <td width=\"74%\" class=\"tl\"><a href=\"#\" title=\"ҹҵϢϢ˾˾Ф...\">ҹҵϢϢ˾˾Ф...</a></td>\r\n              <td width=\"21%\" >2012-03-08</td>\r\n              </tr>\r\n              <tr>\r\n              <td width=\"5%\" class=\"tc\"><img src=\"image/new_icon.jpg\" width=\"3\" height=\"3\" /></td>\r\n              <td width=\"74%\" class=\"tl\"><a href=\"#\" title=\"ǧ˼ƻ˽̳Уϵѧ...\">ǧ˼ƻ˽̳\"Уϵѧ\"...</a></td>\r\n              <td width=\"21%\" >2012-03-08</td>\r\n              </tr>\r\n              <tr>\r\n              <td width=\"5%\" class=\"tc\"><img src=\"image/new_icon.jpg\" width=\"3\" height=\"3\" /></td>\r\n              <td width=\"74%\" class=\"tl\"><a href=\"#\" title=\"ҹҵϢϢ˾˾Ф...\">ҹҵϢϢ˾˾Ф...</a></td>\r\n              <td width=\"21%\" >2012-03-08</td>\r\n              </tr>\r\n              <tr>\r\n              <td width=\"5%\" class=\"tc\"><img src=\"image/new_icon.jpg\" width=\"3\" height=\"3\" /></td>\r\n              <td width=\"74%\" class=\"tl\"><a href=\"#\" title=\"ǧ˼ƻ˽̳Уϵѧ...\">ǧ˼ƻ˽̳\"Уϵѧ...\"</a></td>\r\n              <td width=\"21%\" >2012-03-08</td>\r\n              </tr>\r\n              <tr>\r\n              <td width=\"5%\" class=\"tc\"><img src=\"image/new_icon.jpg\" width=\"3\" height=\"3\" /></td>\r\n              <td width=\"74%\" class=\"tl\"><a href=\"#\" title=\"ҹҵϢϢ˾˾Ф...\">ҹҵϢϢ˾˾Ф...</a></td>\r\n              <td width=\"21%\" >2012-03-08</td>\r\n              </tr>\r\n              <tr>\r\n              <td width=\"5%\" class=\"tc\"><img src=\"image/new_icon.jpg\" width=\"3\" height=\"3\" /></td>\r\n              <td width=\"74%\" class=\"tl\"><a href=\"#\" title=\"ǧ˼ƻ˽̳Уϵѧ...\">ǧ˼ƻ˽̳\"Уϵѧ...\"</a></td>\r\n              <td width=\"21%\" >2012-03-08</td>\r\n              </tr>\r\n             </table>\r\n            </div>\r\n 			</div>\r\n			</div>\r\n <!-- -->\r\n  	<!-- ѡ-->\r\n                </div>\r\n                </div>\r\n              </div>\r\n                \r\n                <!--column end-->\r\n            <div class=\"silhouette\">\r\n            	<div class=\"silhouette_title\"><img src=\"image/Silhouette_title.jpg\" width=\"88\" height=\"20\" /><span><a href=\"#\">More</a></span></div>\r\n                <div class=\"silhouette_content\">\r\n               	  <table class=\"Silhouette_tab\" cellpadding=\"0\" cellspacing=\"0\">\r\n                	<tr> \r\n                    	<td><a href=\"#\" title=\"ֱҹʵ2012...\"><img src=\"image/Silhouette_ps01.jpg\" width=\"148\" height=\"97\" /></a></td>\r\n                        <td><a href=\"#\" title=\"ֱҹʵҽ...\"><img src=\"image/Silhouette_ps02.jpg\" width=\"148\" height=\"97\" /></a></td>\r\n                        <td><a href=\"#\" title=\"2011ڰ˽йҵ...\"><img src=\"image/Silhouette_ps03.jpg\" width=\"148\" height=\"97\" /></a></td>\r\n                        <td><a href=\"#\" title=\"2011ڰ˽йҵ...\"><img src=\"image/Silhouette_ps03.jpg\" width=\"148\" height=\"97\" /></a></td>\r\n                    </tr>\r\n                    <tr> \r\n                    	<td><a href=\"#\" title=\"ֱҹʵ2012...\">ֱҹʵ2012...</a></td>\r\n                        <td><a href=\"#\" title=\"ֱҹʵҽ...\">ֱҹʵҽ...</a></td>\r\n                        <td><a href=\"#\" title=\"2011ڰ˽йҵ...\">2011ڰ˽йҵ...</a></td>\r\n                        <td><a href=\"#\" title=\"2011ڰ˽йҵ...\">2011ڰ˽йҵ...</a></td>\r\n                    </tr>\r\n                </table>\r\n                </div>\r\n            </div>\r\n            <div class=\"link\">\r\n            	<div class=\"link_title\"><img src=\"image/link_title.jpg\" width=\"88\" height=\"20\" /><span><a href=\"#\">More</a></span></div>\r\n                <div class=\"link_content\">\r\n                	<ul>\r\n                    	<li><a href=\"#\">廪ѧ</a></li>\r\n                        <li><a href=\"#\">пԺ</a></li>\r\n                        <li><a href=\"#\">й</a></li>\r\n                        <li><a href=\"#\">鴴Ŷ</a></li>\r\n                        <li><a href=\"#\">Ϻͨѧ</a></li>\r\n                        <li><a href=\"#\">ͨѧ</a></li>\r\n                        <li><a href=\"#\">ʵѧ</a></li>\r\n                        <li><a href=\"#\">ҷί</a></li>\r\n                    </ul>\r\n                </div>\r\n            </div>\r\n       </div>\r\n        <!--content_right-->    \r\n            \r\n            <div class=\"content_right\">\r\n            	<div class=\"laboratory\">\r\n                	<div class=\"laboratory_title\"><img src=\"image/laboratory_title.jpg\" width=\"104\" height=\"15\" /><span><a href=\"laboratory.html\">More</a></span></div>\r\n                    <div class=\"laboratory_content\">\r\n                   	  <img src=\"image/Lab_introduction_ps.jpg\" width=\"88\" height=\"68\" style=\"float:left;\" />\r\n                <p>ֱҹʵǹҷչĸίԱʽ׼ΨһֱҼʵңʵɱʵѧ廪ѧйѧԺ㼼ойɣ˵λΪʵѧ</p>\r\n<p>ֱҹʵмзԱ65 ˣְռ27.7%ְռ46%вʿѧλռ72.3%63%ϵļԱ30 40 ֮䣬һ֧֪ʶṹд¾зŶӡУйԺԺʿ1ˣ...</p>\r\n                    </div>\r\n                </div>\r\n                <div class=\"expert\">\r\n                	<div class=\"expert_title\"><img src=\"image/expert_title.jpg\" width=\"104\" height=\"15\" /><span><a href=\"#\">More</a></span></div>\r\n                    <div class=\"expert_content\">\r\n                   <div class=\"expert_content_title\"><img src=\"image/expert_content_title.jpg\" width=\"226\" height=\"22\" /></div>\r\n                    </table>\r\n                 \r\n						<div class=\"shell\">\r\n							<div id=\"demo\">\r\n	  						<table class=\"expert_tab02\" cellpadding=\"0\" cellspacing=\"0\" border=\"0\">\r\n                    	<tr>\r\n                        	<td width=\"30%\"></td>\r\n                            <td width=\"32%\">Ф</td>\r\n                            <td width=\"38%\">鴾</td>\r\n                        </tr>\r\n                        <tr>\r\n                        	<td></td>\r\n                            <td>Ф</td>\r\n                            <td>鴾</td>\r\n                        </tr>\r\n                        <tr>\r\n                        	<td></td>\r\n                            <td>Ф</td>\r\n                            <td>鴾</td>\r\n                        </tr>\r\n                        <tr>\r\n                        	<td></td>\r\n                            <td>Ф</td>\r\n                            <td>鴾</td>\r\n                        </tr>\r\n                        <tr>\r\n                        	<td></td>\r\n                            <td>Ф</td>\r\n                            <td>鴾</td>\r\n                        </tr>\r\n                        <tr>\r\n                        	<td></td>\r\n                            <td>Ф</td>\r\n                            <td>鴾</td>\r\n                        </tr>\r\n                        <tr>\r\n                        	<td></td>\r\n                            <td>Ф</td>\r\n                            <td>鴾</td>\r\n                        </tr>\r\n                        <tr>\r\n                        	<td></td>\r\n                            <td>Ф</td>\r\n                            <td>鴾</td>\r\n                        </tr>\r\n                        <tr>\r\n                        	<td></td>\r\n                            <td>Ф</td>\r\n                            <td>鴾</td>\r\n                        </tr>\r\n                        <tr>\r\n                        	<td></td>\r\n                            <td>Ф</td>\r\n                            <td>鴾</td>\r\n                        </tr>\r\n                        <tr>\r\n                        	<td></td>\r\n                            <td>Ф</td>\r\n                            <td>鴾</td>\r\n                        </tr>\r\n                        <tr>\r\n                        	<td></td>\r\n                            <td>Ф</td>\r\n                            <td>鴾</td>\r\n                        </tr>\r\n                        <tr>\r\n                        	<td></td>\r\n                            <td>Ф</td>\r\n                            <td>鴾</td>\r\n                        </tr>\r\n                        <tr>\r\n                        	<td></td>\r\n                            <td>Ф</td>\r\n                            <td>鴾</td>\r\n                        </tr>\r\n                      </table>\r\n                     </div> \r\n					</div>\r\n					<script>\r\n					var c,_=Function;\r\n					with(o=document.getElementById(\"demo\")){ innerHTML+=innerHTML; onmouseover=_(\"c=4\"); onmouseout=_(\"c=0\");}\r\n					(F=_(\"if(#%18||!c)#++,#%=o.scrollHeight>>1;setTimeout(F,#%18?10:2500);\".replace(/#/g,\"o.scrollTop\")))();\r\n					</script>\r\n\r\n                     <!---->\r\n               		</div>\r\n       		  </div>\r\n            <div class=\"alliance\">\r\n                	<div class=\"alliance_title\"><img src=\"image/alliance_title.jpg\" width=\"171\" height=\"18\" /><span><a href=\"#\">More</a></span></div>\r\n                    <div class=\"alliance_content\">\r\n                   <div id=\"top_1\" class=\"top_1\">\r\n 					<table class=\"expert_tab02\" cellpadding=\"0\" cellspacing=\"0\" border=\"0\">\r\n                    	<tr>\r\n                          <td><img src=\"image/alliance_ps01.gif\" width=\"110\" height=\"67\" /></td>\r\n                          <td><img src=\"image/alliance_ps02.gif\" width=\"110\" height=\"67\" /></td>\r\n                        </tr>\r\n                       <tr>\r\n                          <td><img src=\"image/alliance_ps03.gif\" width=\"110\" height=\"67\" /></td>\r\n                          <td><img src=\"image/alliance_ps04.gif\" width=\"110\" height=\"67\" /></td>\r\n                      </tr>\r\n                        <tr>\r\n                          <td><img src=\"image/alliance_ps05.gif\" width=\"110\" height=\"67\" /></td>\r\n                          <td><img src=\"image/alliance_ps06.gif\" width=\"110\" height=\"67\" /></td>\r\n                        </tr>\r\n                        <tr>\r\n                          <td><img src=\"image/alliance_ps07.gif\" width=\"110\" height=\"67\" /></td>\r\n                          <td><img src=\"image/alliance_ps08.gif\" width=\"110\" height=\"67\" /></td>\r\n                        </tr>\r\n                     </table>\r\n				<div></div>\r\n				</div>\r\n				<script language=\"javascript\">scrollSZ(\"top_1\",100,\"top\");</script>\r\n                    </div>\r\n              </div>\r\n            </div>\r\n	  </div>\r\n      <!--content end-->\r\n       \r\n       <!--footer-->  \r\n     <div class=\"footer\">\r\n    	<p>ȨУֱҹʵ</p>\r\n        <p>绰010-12345678ַк·10 | ʱࣺ100876</p>\r\n    </div>\r\n    </div>\r\n</body>\r\n</html>\r\n','html','2012-08-14 23:06:04','ADMIN');
INSERT INTO `t_flow_minds` VALUES ('1','1','ADMIN','系统管理员','2222','2012-08-14 21:59:23','申报环节'),  ('2','1','FY0000021','文化部非遗司','2222','2012-08-14 23:01:04','非遗司审批环节'),  ('3','1','ADMIN','系统管理员',NULL,'2012-08-14 23:08:18','申报环节'),  ('4','1','FY0000021','文化部非遗司','222222222222222222222222222222222222222222222222222222222222222222222222222222222222222222222222222222222222222222222222222222222222222222222222','2012-08-14 23:09:29','非遗司审批环节'),  ('5','1','ADMIN','系统管理员','11111222','2012-08-14 23:28:05','申报环节'),  ('6','1','FY0000021','文化部非遗司','2221212','2012-08-14 23:28:48','非遗司审批环节'),  ('7','1','ADMIN','系统管理员','222','2012-08-14 23:36:53','申报环节'),  ('8','1','FY0000021','文化部非遗司','22222','2012-08-14 23:43:09','非遗司审批环节'),  ('9','1','ADMIN','系统管理员','22','2012-08-14 23:44:44','申报环节'),  ('10','1','FY0000021','文化部非遗司',NULL,'2012-08-14 23:45:47','非遗司审批环节'),  ('11','2','ADMIN','系统管理员','2222212112','2012-08-14 23:47:45','起草暂存环节'),  ('12','3','ADMIN','系统管理员','22dsdsdsd','2012-08-14 23:50:24','申报环节');
INSERT INTO `t_heritor` VALUES ('2','11111','11111','male','111111','111','NO',NULL,'1','003'),  ('3','2222','222222222222','male','1','1111','NO',NULL,'1','003');
INSERT INTO `t_incr_seq` VALUES ('30');
INSERT INTO `t_project` VALUES ('1','津门法鼓（挂甲寺庆音法鼓）','Ⅱ-122','003',NULL,'1','1','（1）',NULL,'天津市河西区','FY0030002','003'),  ('2','津门法鼓（杨家庄永音法鼓）','Ⅱ-122','003',NULL,'1','2','（2）',NULL,'天津市河西区','FY0030002','003'),  ('3','古琴艺术','Ⅱ-34','003',NULL,'1','1','（1）',NULL,'中国艺术研究院','ADMIN','000');
INSERT INTO `t_project_cost` VALUES ('1','3','古琴艺术','2012','ADMIN','系统管理员','000',NULL,'11111','111','111','1111','1111','1111','1111','1111','111111','111','1111','2090','3','121212','2012-08-14 21:59:16'),  ('2','3','古琴艺术','2013','ADMIN','系统管理员','000',NULL,'21212',NULL,'212','21','2222','1212','22222222','1212','12','12','1212','1212','3','211212','2012-08-14 23:46:56'),  ('3',NULL,NULL,NULL,'ADMIN','系统管理员','000',NULL,NULL,'1111','1111',NULL,NULL,NULL,NULL,NULL,NULL,NULL,NULL,NULL,NULL,NULL,'2012-08-14 23:50:23');
INSERT INTO `t_reserve` VALUES ('3','121','1212','212','ADMIN','000'),  ('4','33','2323','222','FY0010001','001');
INSERT INTO `t_sys_dict` VALUES ('000','非遗司','0','AREA'),  ('001','北京市','1','AREA'),  ('001','传统戏剧','999','PROJECT_TYPE'),  ('002','湖北省','2','AREA'),  ('002','民间文学','999','PROJECT_TYPE'),  ('003','天津市','3','AREA'),  ('003','传统音乐','999','PROJECT_TYPE'),  ('004','传统舞蹈','999','PROJECT_TYPE'),  ('005','曲艺','999','PROJECT_TYPE'),  ('006','传统体育、游艺与杂技','999','PROJECT_TYPE'),  ('007','传统美术','999','PROJECT_TYPE'),  ('008','传统技艺','999','PROJECT_TYPE'),  ('009','传统医药','999','PROJECT_TYPE'),  ('010','民俗','999','PROJECT_TYPE'),  ('2011','2011',NULL,'YEAR'),  ('2012','2012','1','YEAR'),  ('2013','2013','2','YEAR'),  ('2014','2014','3','YEAR'),  ('apply','申报中','2','FLOW_STATUS'),  ('COMMONUSER','普通用户','1','DEFAULTROLE'),  ('COMPANY','公司',NULL,'ORGTYPE'),  ('DEPT','部门','1','ORGTYPE'),  ('failure','审批不通过','1','FLOW_STATUS'),  ('FAILURE','失败','1','HANDLERESULT'),  ('femme','女','1','GENDER'),  ('HAN','汉族',NULL,'MINORITY'),  ('male','男','0','GENDER'),  ('NO','否','1','YESORNO'),  ('ORG','组织','2','ORGTYPE'),  ('project','项目补助费申报',NULL,'FLOW_TYPE'),  ('resever','保护区补助费申报','1','FLOW_TYPE'),  ('success','审批通过',NULL,'FLOW_STATUS'),  ('SUCCESS','成功',NULL,'HANDLERESULT'),  ('SYSADMIN','系统管理员',NULL,'DEFAULTROLE'),  ('tree-appLog','操作日志','6','ICONCLS'),  ('tree-att','文件图标','8','ICONCLS'),  ('tree-auth','授权图标','999','ICONCLS'),  ('tree-config','配置文件图标','9','ICONCLS'),  ('tree-dd','字典图标','2','ICONCLS'),  ('tree-org','组织图标','1','ICONCLS'),  ('tree-pwd','密码修改','3','ICONCLS'),  ('tree-role','角色图标','5','ICONCLS'),  ('tree-source','资源图标','4','ICONCLS'),  ('tree-sysLog','系统日志','7','ICONCLS'),  ('tree-user','用户图标','0','ICONCLS'),  ('YES','是',NULL,'YESORNO');
INSERT INTO `t_sys_dict_type` VALUES ('AREA','区域',''),  ('DEFAULTROLE','默认角色',''),  ('FLOW_STATUS','审批状态',NULL),  ('FLOW_TYPE','流程类型',NULL),  ('GENDER','性别',NULL),  ('HANDLERESULT','处理结果',NULL),  ('ICONCLS','菜单图标',NULL),  ('MINORITY','民族',NULL),  ('MODULE','日志模块',NULL),  ('ORGTYPE','组织类型',NULL),  ('PROJECT_TYPE','非遗项目类型',NULL),  ('YEAR','年份',NULL),  ('YESORNO','是否',NULL);
INSERT INTO `t_sys_log` VALUES ('179','org.thorn.resource.service.ResourceServiceImpl','save','[{\"sourceCode\":\"HERINFO-BING\",\"sourceName\":\"绑定非遗项目\",\"parentSource\":\"HERITORINFO\",\"sourceUrl\":\"/heritor/bingingProject.jmt\",\"iconsCls\":\"\",\"isleaf\":\"YES\",\"isShow\":\"NO\",\"sortNum\":2}]','ADMIN','SUCCESS',NULL,'2012-08-12 21:30:07'),  ('180','org.thorn.resource.service.ResourceServiceImpl','modify','[{\"sourceCode\":\"HERINFO-BING\",\"sourceName\":\"绑定非遗项目\",\"parentSource\":\"HERITORINFO\",\"sourceUrl\":\"/heritor/bingingProject.jmt\",\"iconsCls\":\"\",\"isleaf\":\"YES\",\"isShow\":\"NO\",\"sortNum\":1}]','ADMIN','SUCCESS',NULL,'2012-08-12 21:30:19'),  ('181','org.thorn.user.service.UserServiceImpl','modify','[{\"userName\":\"北京市文化厅\",\"area\":null,\"userId\":\"FY0010000\",\"orgName\":null,\"orgCode\":\"001\",\"orgType\":null,\"userPwd\":\"\",\"cumail\":\"727zz@163.com\",\"gender\":\"\",\"phone\":\"\",\"isDisabled\":\"NO\",\"sn\":\"\",\"userAccount\":\"FY0010000\",\"defaultRole\":\"COMMONUSER\",\"isShow\":\"YES\",\"sortNum\":0}]','ADMIN','SUCCESS',NULL,'2012-08-12 22:29:53'),  ('182','org.thorn.resource.service.ResourceServiceImpl','save','[{\"sourceCode\":\"PROCESSCR\",\"sourceName\":\"发起费用申报\",\"parentSource\":\"NAV\",\"sourceUrl\":\"/process/processCr.jsp\",\"iconsCls\":\"\",\"isleaf\":\"YES\",\"isShow\":\"YES\",\"sortNum\":0}]','ADMIN','SUCCESS',NULL,'2012-08-12 23:00:44'),  ('183','org.thorn.dd.service.DataDictServiceImpl','saveDt','[{\"ename\":\"YEAR\",\"cname\":\"年份\",\"typeDesc\":\"\"}]','ADMIN','SUCCESS',NULL,'2012-08-14 20:54:02'),  ('184','org.thorn.dd.service.DataDictServiceImpl','saveDd','[{\"sortNum\":0,\"dname\":\"2011\",\"dvalue\":\"2011\",\"typeId\":\"YEAR\"}]','ADMIN','SUCCESS',NULL,'2012-08-14 20:54:25'),  ('185','org.thorn.dd.service.DataDictServiceImpl','saveDd','[{\"sortNum\":1,\"dname\":\"2012\",\"dvalue\":\"2012\",\"typeId\":\"YEAR\"}]','ADMIN','SUCCESS',NULL,'2012-08-14 20:54:33'),  ('186','org.thorn.dd.service.DataDictServiceImpl','saveDd','[{\"sortNum\":2,\"dname\":\"2013\",\"dvalue\":\"2013\",\"typeId\":\"YEAR\"}]','ADMIN','SUCCESS',NULL,'2012-08-14 20:54:41'),  ('187','org.thorn.dd.service.DataDictServiceImpl','saveDd','[{\"sortNum\":3,\"dname\":\"2014\",\"dvalue\":\"2014\",\"typeId\":\"YEAR\"}]','ADMIN','SUCCESS',NULL,'2012-08-14 20:54:50'),  ('188','org.thorn.dd.service.DataDictServiceImpl','saveDd','[{\"sortNum\":0,\"dname\":\"project\",\"dvalue\":\"项目补助费申报\",\"typeId\":\"FLOW_TYPE\"}]','ADMIN','SUCCESS',NULL,'2012-08-14 21:16:08'),  ('189','org.thorn.dd.service.DataDictServiceImpl','saveDd','[{\"sortNum\":1,\"dname\":\"resever\",\"dvalue\":\"保护区补助费申报\",\"typeId\":\"FLOW_TYPE\"}]','ADMIN','SUCCESS',NULL,'2012-08-14 21:16:36'),  ('190','org.thorn.dd.service.DataDictServiceImpl','saveDt','[{\"ename\":\"FLOW_STATUS\",\"cname\":\"审批状态\",\"typeDesc\":\"\"}]','ADMIN','SUCCESS',NULL,'2012-08-14 21:17:55'),  ('191','org.thorn.dd.service.DataDictServiceImpl','saveDd','[{\"sortNum\":0,\"dname\":\"success\",\"dvalue\":\"审批通过\",\"typeId\":\"FLOW_STATUS\"}]','ADMIN','SUCCESS',NULL,'2012-08-14 21:18:20'),  ('192','org.thorn.dd.service.DataDictServiceImpl','saveDd','[{\"sortNum\":1,\"dname\":\"failure\",\"dvalue\":\"审批不通过\",\"typeId\":\"FLOW_STATUS\"}]','ADMIN','SUCCESS',NULL,'2012-08-14 21:18:34'),  ('193','org.thorn.resource.service.ResourceServiceImpl','save','[{\"sourceCode\":\"PROCESSTODO\",\"sourceName\":\"我的待办\",\"parentSource\":\"NAV\",\"sourceUrl\":\"/process/processTodo.jsp\",\"iconsCls\":\"\",\"isleaf\":\"YES\",\"isShow\":\"YES\",\"sortNum\":2}]','ADMIN','SUCCESS',NULL,'2012-08-14 21:19:42'),  ('194','org.thorn.resource.service.ResourceServiceImpl','modify','[{\"sourceCode\":\"PROCESSTODO\",\"sourceName\":\"我的待办\",\"parentSource\":\"NAV\",\"sourceUrl\":\"/process/processTodo.jsp\",\"iconsCls\":\"\",\"isleaf\":\"YES\",\"isShow\":\"YES\",\"sortNum\":1}]','ADMIN','SUCCESS',NULL,'2012-08-14 21:19:57'),  ('195','org.thorn.app.service.ProjectServiceImpl','save','[{\"name\":\"古琴艺术\",\"id\":null,\"type\":\"003\",\"userName\":null,\"area\":\"中国艺术研究院\",\"userId\":\"ADMIN\",\"code\":\"Ⅱ-34\",\"isUnProject\":\"\",\"bigNo\":1,\"smallNo\":1,\"batchNum\":\"（1）\",\"minority\":\"\",\"province\":\"000\"}]','ADMIN','SUCCESS',NULL,'2012-08-14 21:44:10'),  ('196','org.thorn.user.service.UserServiceImpl','save','[{\"userName\":\"文化部非遗司\",\"area\":null,\"userId\":\"FY0000021\",\"orgName\":null,\"orgCode\":\"000\",\"orgType\":null,\"userPwd\":\"2e4350447b14de1a6f178c7f2a79fd3b\",\"cumail\":\"727zz@163.com\",\"gender\":\"\",\"phone\":\"\",\"isDisabled\":\"NO\",\"sn\":\"\",\"userAccount\":\"文化部非遗司\",\"defaultRole\":\"COMMONUSER\",\"isShow\":\"YES\",\"sortNum\":0}]','ADMIN','SUCCESS',NULL,'2012-08-14 22:01:59'),  ('197','org.thorn.auth.service.AuthServiceImpl','saveRoleByUser','[\"FY0000021\",\"CENTRALUSER,\"]','ADMIN','SUCCESS',NULL,'2012-08-14 22:04:19'),  ('198','org.thorn.auth.service.AuthServiceImpl','saveRoleAuth','[\"CENTRALUSER\",\"USERMANAGER,ORG,ORG-QUERY,ORG-DELETE,ORG-UPDATE,USER,USER-QUERY,USER-UPDATE,USER-DELETE,USER-PWD,USER-ROLE,USER-DISABLED,HOME,PROCESSCR,LEFTMENU,PROCESSTODO,ATT-UPLOAD,PROJECT,PROJECTINFO,PROJECTINFO-QUERY,PROJECTINFO-MODIFY,PROJECTINFO-DELETE,ATT-DELETE,HERITOR,HERITORINFO,HERINFO-QUERY,HERINFO-BING,HERINFO-MODIFY,HERINFO-DELETE,ATT-DOWNLOAD,RESEVER,RESEVERINFO,RESINFO-QUERY,RESINFO-MODIFY,RESINFO-DELETE,MYPWD,MYPWD-CHANGE,\"]','ADMIN','SUCCESS',NULL,'2012-08-14 22:07:02'),  ('199','org.thorn.resource.service.ResourceServiceImpl','save','[{\"sourceCode\":\"WFCOMMON\",\"sourceName\":\"流程通用资源\",\"parentSource\":\"PROCESSTODO\",\"sourceUrl\":\"/wf/cm/**\",\"iconsCls\":\"\",\"isleaf\":\"YES\",\"isShow\":\"NO\",\"sortNum\":0}]','ADMIN','SUCCESS',NULL,'2012-08-14 22:10:00'),  ('200','org.thorn.auth.service.AuthServiceImpl','saveRoleAuth','[\"CENTRALUSER\",\"USERMANAGER,ORG,ORG-QUERY,ORG-DELETE,ORG-UPDATE,USER,USER-QUERY,USER-UPDATE,USER-DELETE,USER-PWD,USER-ROLE,USER-DISABLED,HOME,PROCESSCR,LEFTMENU,PROCESSTODO,WFCOMMON,ATT-UPLOAD,PROJECT,PROJECTINFO,PROJECTINFO-QUERY,PROJECTINFO-MODIFY,PROJECTINFO-DELETE,ATT-DELETE,HERITOR,HERITORINFO,HERINFO-QUERY,HERINFO-BING,HERINFO-MODIFY,HERINFO-DELETE,ATT-DOWNLOAD,RESEVER,RESEVERINFO,RESINFO-QUERY,RESINFO-MODIFY,RESINFO-DELETE,MYPWD,MYPWD-CHANGE,\"]','ADMIN','SUCCESS',NULL,'2012-08-14 22:10:25'),  ('201','org.thorn.dd.service.DataDictServiceImpl','saveDd','[{\"sortNum\":2,\"dname\":\"apply\",\"dvalue\":\"申报中\",\"typeId\":\"FLOW_STATUS\"}]','ADMIN','SUCCESS',NULL,'2012-08-14 23:36:19');
INSERT INTO `t_sys_org` VALUES ('1','ROOT','-1','文化部','文化部','COMPANY',NULL,'0','NO','NO',NULL),  ('2','001','ROOT','北京市文化厅','北京市文化厅','COMPANY',NULL,'1','YES','NO','001'),  ('11','002','ROOT','湖北省文化厅','湖北省文化厅','COMPANY','','2','YES','NO','002'),  ('12','003','ROOT','天津市文化厅','天津市文化厅','COMPANY',NULL,'999','YES','NO','003'),  ('13','000','ROOT','文化部非物质文化遗产司','文化部非遗司','COMPANY',NULL,'0','YES','NO','000');
INSERT INTO `t_sys_resource` VALUES ('0','ALL','/**','YES','NO','-1','99',''),  ('APPLOG','操作日志','/system/log/appLog.jsp','YES','YES','LOG','1','tree-appLog'),  ('APPLOG-EXCEL','操作日志导出','/log/exportLogExcel.jmt','YES','NO','APPLOG','999',''),  ('APPLOG-QUERY','操作日志查询','/log/getLogPage.jmt','YES','NO','APPLOG','0',''),  ('ATT','文件管理','/system/att/attachment.jsp','YES','YES','SYS','9','tree-att'),  ('ATT-DELETE','附件删除','/att/delete.jmt','YES','NO','NAV','3',''),  ('ATT-DOWNLOAD','附件下载','/att/download.jmt','YES','NO','NAV','4',''),  ('ATT-UPLOAD','附件上传','/att/get*.jmt','YES','NO','NAV','2',''),  ('AUTH','用户授权','/system/role/userAuth.jsp','YES','YES','AUTHMANAGER','1','tree-auth'),  ('AUTH-ADD','添加用户','/user/saveUserRole.jmt','YES','NO','AUTH','999',''),  ('AUTH-DELETE','删除用户','/user/deleteUserRole.jmt','YES','NO','AUTH','999',''),  ('AUTH-QUERY','授权关系查询','/user/get*.jmt','YES','NO','AUTH','0',''),  ('AUTHMANAGER','权限管理','','NO','YES','SYS','3',''),  ('CF','配置项管理','','NO','YES','SYS','0',''),  ('CF-MODIFY','配置文件修改','/cf/modifyConfig.jmt','YES','NO','CONFIG','1',''),  ('CF-QUERY','配置文件查看','/cf/get*.jmt','YES','NO','CONFIG','0',''),  ('CONFIG','配置文件管理','/system/cf/configurator.jsp','YES','YES','CF','1','tree-config'),  ('DICT','数据字典管理','/system/dd/dd.jsp','YES','YES','CF','0','tree-dd'),  ('DICT-DELETE','数据字典删除','/dd/delete*.jmt','YES','NO','DICT','999',''),  ('DICT-QUERY','数据字典查询','/dd/get*.jmt','YES','NO','DICT','0',''),  ('DICT-UPDATE','数据字典更新','/dd/saveOrModify*.jmt','YES','NO','DICT','999',''),  ('HERINFO-BING','绑定非遗项目','/heritor/bingingProject.jmt','YES','NO','HERITORINFO','1',NULL),  ('HERINFO-DELETE','传承人信息删除','/heritor/deleteHeritor.jmt','YES','NO','HERITORINFO','2',NULL),  ('HERINFO-MODIFY','传承人信息修改','/heritor/saveOrModifyHeritor.jmt','YES','NO','HERITORINFO','1',NULL),  ('HERINFO-QUERY','传承人信息查询','/heritor/getHeritor*.jmt','YES','NO','HERITORINFO','0',NULL),  ('HERITOR','传承人库管理',NULL,'NO','YES','NAV','4',NULL),  ('HERITORINFO','传承人信息管理','/app/heritor.jsp','YES','YES','HERITOR','1',NULL),  ('HOME','主页','/system/main.jsp','YES','NO','NAV','0',''),  ('LEFTMENU','菜单树','/resource/getLeftTree.jmt','YES','NO','NAV','1',''),  ('LOG','日志管理','','NO','YES','SYS','1',''),  ('MYPWD','修改密码','/system/user/changePwd.jsp','YES','YES','NAV','99','tree-pwd'),  ('MYPWD-CHANGE','密码修改','/user/changeMyPwd.jmt','YES','NO','MYPWD','999',''),  ('NAV','应用菜单','','NO','YES','0','0',''),  ('ORG','组织管理','/system/org/org.jsp','YES','YES','USERMANAGER','0','tree-org'),  ('ORG-DELETE','组织删除','/org/delete*.jmt','YES','NO','ORG','999',''),  ('ORG-QUERY','组织查询','/org/get*.jmt','YES','NO','ORG','0',''),  ('ORG-UPDATE','组织更新','/org/saveOrModify*.jmt','YES','NO','ORG','999',''),  ('PROCESSAPP','流程表单资源','/app/**','YES','NO','WORKFLOW','999',''),  ('PROCESSCR','发起费用申报','/process/processCr.jsp','YES','YES','NAV','0',NULL),  ('PROCESSTODO','我的待办','/process/processTodo.jsp','YES','YES','NAV','1',NULL),  ('PROJECT','非遗项目库管理',NULL,'NO','YES','NAV','3',NULL),  ('PROJECTINFO','项目信息管理','/app/project.jsp','YES','YES','PROJECT','1',NULL),  ('PROJECTINFO-DELETE','项目信息删除','/project/deleteProject.jmt','YES','NO','PROJECTINFO','3',NULL),  ('PROJECTINFO-MODIFY','项目信息修改','/project/saveOrModify*.jmt','YES','NO','PROJECTINFO','1',NULL),  ('PROJECTINFO-QUERY','项目信息查询','/project/get*.jmt','YES','NO','PROJECTINFO','0',NULL),  ('RESEVER','文化生态保护区库管理',NULL,'NO','YES','NAV','5',NULL),  ('RESEVERINFO','保护区信息管理','/app/resever.jsp','YES','YES','RESEVER','1',NULL),  ('RESINFO-DELETE','保护区信息删除','/resever/deleteResever.jmt','YES','NO','RESEVERINFO','3',NULL),  ('RESINFO-MODIFY','保护区信息修改','/resever/saveOrModifyResever.jmt','YES','NO','RESEVERINFO','2',NULL),  ('RESINFO-QUERY','保护区信息查询','/resever/getResever*.jmt','YES','NO','RESEVERINFO','0',NULL),  ('ROLE','角色管理','/system/role/role.jsp','YES','YES','AUTHMANAGER','0','tree-role'),  ('ROLE-AUTH','角色授权','/role/saveAuth.jmt','YES','NO','ROLE','999',''),  ('ROLE-DELETE','角色删除','/role/delete*.jmt','YES','NO','ROLE','999',''),  ('ROLE-QUERY','角色查询','/role/get*.jmt','YES','NO','ROLE','0',''),  ('ROLE-UPDATE','角色更新','/role/saveOrModify*.jmt','YES','NO','ROLE','999',''),  ('SOURCE','资源管理','/system/resource/source.jsp','YES','YES','CF','2','tree-source'),  ('SOURCE-DELETE','资源删除','/resource/delete*.jmt','YES','NO','SOURCE','999',''),  ('SOURCE-QUERY','资源查询','/resource/get*.jmt','YES','NO','SOURCE','0',''),  ('SOURCE-UPDATE','资源更新','/resource/saveOrModify*.jmt','YES','NO','SOURCE','999',''),  ('SYS','系统管理','','NO','YES','0','0',''),  ('SYSLOG','系统日志','/system/log/sysLog.jsp','YES','YES','LOG','0','tree-sysLog'),  ('SYSLOG-LEVEL','修改日志级别','/log/*LogLevel.jmt','YES','NO','SYSLOG','1',''),  ('SYSLOG-QUERY','系统日志查询','/system/log/sysLog*.jsp','YES','NO','SYSLOG','0',''),  ('USER','用户管理','/system/user/user.jsp','YES','YES','USERMANAGER','1','tree-user'),  ('USER-DELETE','用户删除','/user/deleteUser.jmt','YES','NO','USER','2',''),  ('USER-DISABLED','用户启/禁用','/user/disabled*.jmt','YES','NO','USER','999',''),  ('USER-PWD','密码修改','/user/changePwd.jmt','YES','NO','USER','999',''),  ('USER-QUERY','用户查询','/user/get*.jmt','YES','NO','USER','0',''),  ('USER-ROLE','用户角色管理','/user/saveRoleByUser.jmt','YES','NO','USER','999',''),  ('USER-UPDATE','用户更新','/user/saveOrModify*.jmt','YES','NO','USER','1',''),  ('USERMANAGER','用户管理','','NO','YES','SYS','2',''),  ('WFCOMMON','流程通用资源','/wf/cm/**','YES','NO','PROCESSTODO','0',NULL);
INSERT INTO `t_sys_role` VALUES ('CENTRALUSER','部委级用户',NULL,'NO'),  ('COMMONUSER','普通用户',NULL,'NO'),  ('PROVINCEUSER','省厅级用户',NULL,'NO');
INSERT INTO `t_sys_role_res` VALUES ('CENTRALUSER','ATT-DELETE','2012-08-14 22:10:25'),  ('CENTRALUSER','ATT-DOWNLOAD','2012-08-14 22:10:25'),  ('CENTRALUSER','ATT-UPLOAD','2012-08-14 22:10:25'),  ('CENTRALUSER','HERINFO-BING','2012-08-14 22:10:25'),  ('CENTRALUSER','HERINFO-DELETE','2012-08-14 22:10:25'),  ('CENTRALUSER','HERINFO-MODIFY','2012-08-14 22:10:25'),  ('CENTRALUSER','HERINFO-QUERY','2012-08-14 22:10:25'),  ('CENTRALUSER','HERITOR','2012-08-14 22:10:25'),  ('CENTRALUSER','HERITORINFO','2012-08-14 22:10:25'),  ('CENTRALUSER','HOME','2012-08-14 22:10:25'),  ('CENTRALUSER','LEFTMENU','2012-08-14 22:10:25'),  ('CENTRALUSER','MYPWD','2012-08-14 22:10:25'),  ('CENTRALUSER','MYPWD-CHANGE','2012-08-14 22:10:25'),  ('CENTRALUSER','ORG','2012-08-14 22:10:25'),  ('CENTRALUSER','ORG-DELETE','2012-08-14 22:10:25'),  ('CENTRALUSER','ORG-QUERY','2012-08-14 22:10:25'),  ('CENTRALUSER','ORG-UPDATE','2012-08-14 22:10:25'),  ('CENTRALUSER','PROCESSCR','2012-08-14 22:10:25'),  ('CENTRALUSER','PROCESSTODO','2012-08-14 22:10:25'),  ('CENTRALUSER','PROJECT','2012-08-14 22:10:25'),  ('CENTRALUSER','PROJECTINFO','2012-08-14 22:10:25'),  ('CENTRALUSER','PROJECTINFO-DELETE','2012-08-14 22:10:25'),  ('CENTRALUSER','PROJECTINFO-MODIFY','2012-08-14 22:10:25'),  ('CENTRALUSER','PROJECTINFO-QUERY','2012-08-14 22:10:25'),  ('CENTRALUSER','RESEVER','2012-08-14 22:10:25'),  ('CENTRALUSER','RESEVERINFO','2012-08-14 22:10:25'),  ('CENTRALUSER','RESINFO-DELETE','2012-08-14 22:10:25'),  ('CENTRALUSER','RESINFO-MODIFY','2012-08-14 22:10:25'),  ('CENTRALUSER','RESINFO-QUERY','2012-08-14 22:10:25'),  ('CENTRALUSER','USER','2012-08-14 22:10:25'),  ('CENTRALUSER','USER-DELETE','2012-08-14 22:10:25'),  ('CENTRALUSER','USER-DISABLED','2012-08-14 22:10:25'),  ('CENTRALUSER','USER-PWD','2012-08-14 22:10:25'),  ('CENTRALUSER','USER-QUERY','2012-08-14 22:10:25'),  ('CENTRALUSER','USER-ROLE','2012-08-14 22:10:25'),  ('CENTRALUSER','USER-UPDATE','2012-08-14 22:10:25'),  ('CENTRALUSER','USERMANAGER','2012-08-14 22:10:25'),  ('CENTRALUSER','WFCOMMON','2012-08-14 22:10:25'),  ('COMMONUSER','ATT-DELETE','2012-08-09 21:34:04'),  ('COMMONUSER','ATT-DOWNLOAD','2012-08-09 21:34:04'),  ('COMMONUSER','ATT-UPLOAD','2012-08-09 21:34:04'),  ('COMMONUSER','HOME','2012-08-09 21:34:04'),  ('COMMONUSER','LEFTMENU','2012-08-09 21:34:04'),  ('COMMONUSER','MYPWD','2012-08-09 21:34:04'),  ('COMMONUSER','MYPWD-CHANGE','2012-08-09 21:34:04'),  ('PROVINCEUSER','ATT-DELETE','2012-08-10 23:07:20'),  ('PROVINCEUSER','ATT-DOWNLOAD','2012-08-10 23:07:20'),  ('PROVINCEUSER','ATT-UPLOAD','2012-08-10 23:07:20'),  ('PROVINCEUSER','HOME','2012-08-10 23:07:20'),  ('PROVINCEUSER','LEFTMENU','2012-08-10 23:07:20'),  ('PROVINCEUSER','MYPWD','2012-08-10 23:07:20'),  ('PROVINCEUSER','MYPWD-CHANGE','2012-08-10 23:07:20'),  ('PROVINCEUSER','ORG','2012-08-10 23:07:20'),  ('PROVINCEUSER','ORG-QUERY','2012-08-10 23:07:20'),  ('PROVINCEUSER','USER','2012-08-10 23:07:20'),  ('PROVINCEUSER','USER-DELETE','2012-08-10 23:07:20'),  ('PROVINCEUSER','USER-DISABLED','2012-08-10 23:07:20'),  ('PROVINCEUSER','USER-PWD','2012-08-10 23:07:20'),  ('PROVINCEUSER','USER-QUERY','2012-08-10 23:07:20'),  ('PROVINCEUSER','USER-ROLE','2012-08-10 23:07:20'),  ('PROVINCEUSER','USER-UPDATE','2012-08-10 23:07:20'),  ('PROVINCEUSER','USERMANAGER','2012-08-10 23:07:20');
INSERT INTO `t_sys_user` VALUES ('ADMIN','系统管理员','陈','CHENYUN','6994d5fd8501c8576fcfd99c3386f085','male','chenyun313@163.com','18701309727','000','YES','NO','0','SYSADMIN'),  ('FY0000021','文化部非遗司',NULL,'文化部非遗司','2e4350447b14de1a6f178c7f2a79fd3b',NULL,'727zz@163.com',NULL,'000','YES','NO','0','COMMONUSER'),  ('FY0010000','北京市文化厅',NULL,'FY0010000','675b501d556c9a31d65b4364ed575e05',NULL,'727zz@163.com',NULL,'001','YES','NO','0','COMMONUSER'),  ('FY0010001','北京印钞厂',NULL,'FY0010001','ddac58a87f43443331f89054b8cb8899','male','727zz@163.com',NULL,'001','YES','NO','999','COMMONUSER'),  ('FY0010564','北京市北方昆曲剧院',NULL,'北京市北方昆曲剧院','cdaa9575a6c4e2b4f4fd67c66b55c2a0','male','727zz@163.com',NULL,'001','YES','NO','999','COMMONUSER'),  ('FY0030002','河西区挂甲寺街道办事处',NULL,'河西区挂甲寺街道办事处','6fe343fed530e351b842516e91aea227',NULL,'727zz@163.com',NULL,'003','YES','NO','999','COMMONUSER'),  ('FY0030011','天津市文化厅',NULL,'天津市文化厅','653ea85ccc5e1e512cb795ef4baac698',NULL,'727zz@163.com',NULL,'003','YES','NO','0','COMMONUSER');
INSERT INTO `t_sys_user_role` VALUES ('FY0000021','CENTRALUSER','2012-08-14 22:04:18'),  ('FY0010000','PROVINCEUSER','2012-08-09 21:18:18'),  ('FY0030011','PROVINCEUSER','2012-08-10 23:01:04');
INSERT INTO `t_workflow` VALUES ('1','project','审批完成已归档','success','ADMIN','系统管理员','2012-08-14 21:59:18','1','-','000','-'),  ('2','project','非遗司审批环节','apply','ADMIN','系统管理员','2012-08-14 23:46:56','2','CENTRALUSER','000','role'),  ('3','project','起草暂存环节','apply','ADMIN','系统管理员','2012-08-14 23:50:23','3','ADMIN','000','user');
